DPTO_HECHO;PROV_HECHO;DIST_HECHO;UBIGEO_HECHO;Denuncias_2017;Denuncias_2018;Denuncias_2019
NO INDICA;NO INDICA;NO INDICA;000000;1;12;
AMAZONAS;CHACHAPOYAS;CHACHAPOYAS;010101;1607;1676;1516
AMAZONAS;CHACHAPOYAS;ASUNCION;010102;3;3;2
AMAZONAS;CHACHAPOYAS;BALSAS;010103;2;;17
AMAZONAS;CHACHAPOYAS;CHETO;010104;2;3;2
AMAZONAS;CHACHAPOYAS;CHILIQUIN;010105;2;3;8
AMAZONAS;CHACHAPOYAS;CHUQUIBAMBA;010106;;4;10
AMAZONAS;CHACHAPOYAS;GRANADA;010107;8;19;10
AMAZONAS;CHACHAPOYAS;HUANCAS;010108;4;3;16
AMAZONAS;CHACHAPOYAS;LA JALCA;010109;33;20;91
AMAZONAS;CHACHAPOYAS;LEIMEBAMBA;010110;81;51;164
AMAZONAS;CHACHAPOYAS;LEVANTO;010111;1;2;2
AMAZONAS;CHACHAPOYAS;MAGDALENA;010112;11;30;15
AMAZONAS;CHACHAPOYAS;MARISCAL CASTILLA;010113;14;12;17
AMAZONAS;CHACHAPOYAS;MOLINOPAMPA;010114;59;51;67
AMAZONAS;CHACHAPOYAS;MONTEVIDEO;010115;5;;3
AMAZONAS;CHACHAPOYAS;OLLEROS;010116;1;2;3
AMAZONAS;CHACHAPOYAS;QUINJALCA;010117;21;26;12
AMAZONAS;CHACHAPOYAS;SAN FRANCISCO DE DAGUAS;010118;5;9;8
AMAZONAS;CHACHAPOYAS;SAN ISIDRO DE MAINO;010119;5;6;10
AMAZONAS;CHACHAPOYAS;SOLOCO;010120;8;12;15
AMAZONAS;CHACHAPOYAS;SONCHE;010121;1;3;5
AMAZONAS;BAGUA;LA PECA;010201;56;41;184
AMAZONAS;BAGUA;ARAMANGO;010202;62;48;68
AMAZONAS;BAGUA;COPALLIN;010203;72;89;75
AMAZONAS;BAGUA;EL PARCO;010204;1;5;10
AMAZONAS;BAGUA;IMAZA;010205;80;154;197
AMAZONAS;BAGUA;BAGUA;010206;1285;1628;1681
AMAZONAS;BAGUA;EL MUYO;010207;38;64;67
AMAZONAS;BONGARA;JUMBILLA;010301;20;31;48
AMAZONAS;BONGARA;CHISQUILLA;010302;7;14;21
AMAZONAS;BONGARA;CHURUJA;010303;1;2;2
AMAZONAS;BONGARA;COROSHA;010304;3;8;13
AMAZONAS;BONGARA;CUISPES;010305;11;11;6
AMAZONAS;BONGARA;FLORIDA;010306;81;93;118
AMAZONAS;BONGARA;JAZAN;010307;230;257;258
AMAZONAS;BONGARA;RECTA;010308;4;2;5
AMAZONAS;BONGARA;SAN CARLOS;010309;4;6;5
AMAZONAS;BONGARA;SHIPASBAMBA;010310;5;7;9
AMAZONAS;BONGARA;VALERA;010311;37;19;21
AMAZONAS;BONGARA;YAMBRASBAMBA;010312;47;51;65
AMAZONAS;CONDORCANQUI;NIEVA;010401;259;367;359
AMAZONAS;CONDORCANQUI;EL CENEPA;010402;7;1;7
AMAZONAS;CONDORCANQUI;RIO SANTIAGO;010403;4;4;5
AMAZONAS;LUYA;LAMUD;010501;74;78;84
AMAZONAS;LUYA;CAMPORREDONDO;010502;90;113;62
AMAZONAS;LUYA;COCABAMBA;010503;2;;
AMAZONAS;LUYA;COLCAMAR;010504;11;39;25
AMAZONAS;LUYA;CONILA;010505;8;5;5
AMAZONAS;LUYA;INGUILPATA;010506;9;;9
AMAZONAS;LUYA;LONGUITA;010507;1;4;8
AMAZONAS;LUYA;LONYA CHICO;010508;4;8;6
AMAZONAS;LUYA;LUYA;010509;55;91;126
AMAZONAS;LUYA;LUYA VIEJO;010510;1;3;2
AMAZONAS;LUYA;MARIA;010511;2;1;4
AMAZONAS;LUYA;OCALLI;010512;36;19;33
AMAZONAS;LUYA;OCUMAL;010513;1;;3
AMAZONAS;LUYA;PISUQUIA;010514;21;21;23
AMAZONAS;LUYA;PROVIDENCIA;010515;;1;
AMAZONAS;LUYA;SAN CRISTOBAL;010516;8;3;7
AMAZONAS;LUYA;SAN FRANCISCO DEL YESO;010517;10;1;11
AMAZONAS;LUYA;SAN JERONIMO;010518;3;4;3
AMAZONAS;LUYA;SAN JUAN DE LOPECANCHA;010519;;2;1
AMAZONAS;LUYA;SANTA CATALINA;010520;5;7;2
AMAZONAS;LUYA;SANTO TOMAS;010521;44;70;41
AMAZONAS;LUYA;TINGO;010522;14;31;33
AMAZONAS;LUYA;TRITA;010523;8;11;15
AMAZONAS;RODRIGUEZ DE MENDOZA;SAN NICOLAS;010601;155;192;272
AMAZONAS;RODRIGUEZ DE MENDOZA;CHIRIMOTO;010602;13;13;8
AMAZONAS;RODRIGUEZ DE MENDOZA;COCHAMAL;010603;7;7;13
AMAZONAS;RODRIGUEZ DE MENDOZA;HUAMBO;010604;57;61;52
AMAZONAS;RODRIGUEZ DE MENDOZA;LIMABAMBA;010605;17;23;31
AMAZONAS;RODRIGUEZ DE MENDOZA;LONGAR;010606;36;30;47
AMAZONAS;RODRIGUEZ DE MENDOZA;MARISCAL BENAVIDES;010607;23;27;32
AMAZONAS;RODRIGUEZ DE MENDOZA;MILPUC;010608;1;;
AMAZONAS;RODRIGUEZ DE MENDOZA;OMIA;010609;14;37;61
AMAZONAS;RODRIGUEZ DE MENDOZA;SANTA ROSA;010610;13;19;17
AMAZONAS;RODRIGUEZ DE MENDOZA;TOTORA;010611;4;2;1
AMAZONAS;UTCUBAMBA;BAGUA GRANDE;010701;2433;2561;2823
AMAZONAS;UTCUBAMBA;CAJARURO;010702;298;428;458
AMAZONAS;UTCUBAMBA;CUMBA;010703;121;97;90
AMAZONAS;UTCUBAMBA;EL MILAGRO;010704;68;185;131
AMAZONAS;UTCUBAMBA;JAMALCA;010705;140;117;81
AMAZONAS;UTCUBAMBA;LONYA GRANDE;010706;108;105;72
AMAZONAS;UTCUBAMBA;YAMON;010707;8;7;3
ANCASH;HUARAZ;HUARAZ;020101;4020;4043;5208
ANCASH;HUARAZ;COCHABAMBA;020102;1;;3
ANCASH;HUARAZ;COLCABAMBA;020103;2;;1
ANCASH;HUARAZ;HUANCHAY;020104;1;;1
ANCASH;HUARAZ;INDEPENDENCIA;020105;699;769;941
ANCASH;HUARAZ;JANGAS;020106;1;26;46
ANCASH;HUARAZ;OLLEROS;020108;2;;3
ANCASH;HUARAZ;PAMPAS;020109;1;;1
ANCASH;HUARAZ;PARIACOTO;020110;39;36;63
ANCASH;HUARAZ;PIRA;020111;1;;3
ANCASH;HUARAZ;TARICA;020112;2;94;138
ANCASH;AIJA;AIJA;020201;53;47;52
ANCASH;AIJA;CORIS;020202;1;;5
ANCASH;AIJA;LA MERCED;020204;14;2;4
ANCASH;AIJA;SUCCHA;020205;4;;6
ANCASH;ANTONIO RAYMONDI;LLAMELLIN;020301;;42;73
ANCASH;ANTONIO RAYMONDI;ACZO;020302;;;7
ANCASH;ANTONIO RAYMONDI;CHACCHO;020303;;2;6
ANCASH;ANTONIO RAYMONDI;CHINGAS;020304;1;13;13
ANCASH;ANTONIO RAYMONDI;MIRGAS;020305;;8;16
ANCASH;ANTONIO RAYMONDI;SAN JUAN DE RONTOY;020306;;;3
ANCASH;ASUNCION;CHACAS;020401;48;90;120
ANCASH;ASUNCION;ACOCHACA;020402;18;4;9
ANCASH;BOLOGNESI;CHIQUIAN;020501;72;118;166
ANCASH;BOLOGNESI;ANTONIO RAYMONDI;020503;6;;3
ANCASH;BOLOGNESI;AQUIA;020504;18;7;21
ANCASH;BOLOGNESI;CAJACAY;020505;15;24;26
ANCASH;BOLOGNESI;COLQUIOC;020507;24;19;39
ANCASH;BOLOGNESI;HUALLANCA;020508;65;139;169
ANCASH;BOLOGNESI;HUASTA;020509;9;1;9
ANCASH;BOLOGNESI;HUAYLLACAYAN;020510;1;2;4
ANCASH;BOLOGNESI;LA PRIMAVERA;020511;1;;
ANCASH;BOLOGNESI;PACLLON;020513;4;3;3
ANCASH;BOLOGNESI;TICLLOS;020515;1;1;1
ANCASH;CARHUAZ;CARHUAZ;020601;405;506;546
ANCASH;CARHUAZ;ACOPAMPA;020602;15;4;23
ANCASH;CARHUAZ;AMASHCA;020603;4;13;12
ANCASH;CARHUAZ;ANTA;020604;45;92;68
ANCASH;CARHUAZ;ATAQUERO;020605;4;1;3
ANCASH;CARHUAZ;MARCARA;020606;172;202;210
ANCASH;CARHUAZ;PARIAHUANCA;020607;12;5;8
ANCASH;CARHUAZ;SAN MIGUEL DE ACO;020608;8;1;11
ANCASH;CARHUAZ;SHILLA;020609;1;5;21
ANCASH;CARHUAZ;TINCO;020610;29;18;25
ANCASH;CARHUAZ;YUNGAR;020611;34;24;19
ANCASH;CARLOS FERMIN FITZCARRA;SAN LUIS;020701;1;;
ANCASH;CARLOS FERMIN FITZCARRALD;SAN LUIS;020701;;49;78
ANCASH;CARLOS FERMIN FITZCARRALD;YAUYA;020703;;11;2
ANCASH;CASMA;CASMA;020801;651;1010;1721
ANCASH;CASMA;BUENA VISTA ALTA;020802;14;21;31
ANCASH;CASMA;COMANDANTE NOEL;020803;17;29;27
ANCASH;CASMA;YAUTAN;020804;92;124;239
ANCASH;CORONGO;CORONGO;020901;29;60;40
ANCASH;CORONGO;ACO;020902;6;1;4
ANCASH;CORONGO;BAMBAS;020903;4;;1
ANCASH;CORONGO;CUSCA;020904;15;3;4
ANCASH;CORONGO;LA PAMPA;020905;15;23;32
ANCASH;CORONGO;YANAC;020906;3;1;3
ANCASH;CORONGO;YUPAN;020907;3;1;1
ANCASH;HUARI;HUARI;021001;145;307;286
ANCASH;HUARI;ANRA;021002;7;7;5
ANCASH;HUARI;CAJAY;021003;3;2;1
ANCASH;HUARI;CHAVIN DE HUANTAR;021004;161;187;289
ANCASH;HUARI;HUACACHI;021005;;13;4
ANCASH;HUARI;HUACCHIS;021006;5;1;2
ANCASH;HUARI;HUACHIS;021007;3;8;10
ANCASH;HUARI;HUANTAR;021008;;1;5
ANCASH;HUARI;MASIN;021009;;17;41
ANCASH;HUARI;PAUCAS;021010;2;3;5
ANCASH;HUARI;PONTO;021011;;12;13
ANCASH;HUARI;RAHUAPAMPA;021012;1;8;8
ANCASH;HUARI;RAPAYAN;021013;2;;2
ANCASH;HUARI;SAN MARCOS;021014;19;76;321
ANCASH;HUARI;SAN PEDRO DE CHANA;021015;;5;10
ANCASH;HUARI;UCO;021016;21;44;18
ANCASH;HUARMEY;HUARMEY;021101;480;579;1102
ANCASH;HUARMEY;COCHAPETI;021102;2;1;2
ANCASH;HUARMEY;CULEBRAS;021103;14;13;13
ANCASH;HUARMEY;HUAYAN;021104;;1;2
ANCASH;HUARMEY;MALVAS;021105;4;;
ANCASH;HUAYLAS;CARAZ;021201;755;946;1274
ANCASH;HUAYLAS;HUALLANCA;021202;4;14;31
ANCASH;HUAYLAS;HUATA;021203;7;3;11
ANCASH;HUAYLAS;HUAYLAS;021204;1;33;63
ANCASH;HUAYLAS;MATO;021205;8;6;18
ANCASH;HUAYLAS;PAMPAROMAS;021206;3;23;18
ANCASH;HUAYLAS;PUEBLO LIBRE;021207;11;13;28
ANCASH;HUAYLAS;SANTA CRUZ;021208;3;4;9
ANCASH;HUAYLAS;SANTO TORIBIO;021209;;5;16
ANCASH;HUAYLAS;YURACMARCA;021210;1;2;16
ANCASH;MARISCAL LUZURIAGA;PISCOBAMBA;021301;66;92;50
ANCASH;MARISCAL LUZURIAGA;CASCA;021302;33;27;12
ANCASH;MARISCAL LUZURIAGA;ELEAZAR GUZMAN BARRON;021303;8;3;3
ANCASH;MARISCAL LUZURIAGA;FIDEL OLIVAS ESCUDERO;021304;3;1;1
ANCASH;MARISCAL LUZURIAGA;LLAMA;021305;17;8;
ANCASH;MARISCAL LUZURIAGA;LLUMPA;021306;2;1;
ANCASH;MARISCAL LUZURIAGA;LUCMA;021307;9;4;3
ANCASH;MARISCAL LUZURIAGA;MUSGA;021308;13;6;1
ANCASH;OCROS;OCROS;021401;13;32;11
ANCASH;OCROS;CONGAS;021406;;;2
ANCASH;PALLASCA;CABANA;021501;59;42;34
ANCASH;PALLASCA;BOLOGNESI;021502;6;3;1
ANCASH;PALLASCA;CONCHUCOS;021503;;;1
ANCASH;PALLASCA;HUANDOVAL;021505;7;6;2
ANCASH;PALLASCA;LLAPO;021507;;;1
ANCASH;PALLASCA;PALLASCA;021508;;26;27
ANCASH;PALLASCA;PAMPAS;021509;1;1;10
ANCASH;PALLASCA;SANTA ROSA;021510;1;5;3
ANCASH;PALLASCA;TAUCA;021511;23;43;59
ANCASH;POMABAMBA;POMABAMBA;021601;223;225;228
ANCASH;POMABAMBA;HUAYLLAN;021602;18;;2
ANCASH;POMABAMBA;PAROBAMBA;021603;10;2;4
ANCASH;POMABAMBA;QUINUABAMBA;021604;3;;
ANCASH;RECUAY;RECUAY;021701;142;174;226
ANCASH;RECUAY;CATAC;021702;3;79;100
ANCASH;RECUAY;COTAPARACO;021703;1;;2
ANCASH;RECUAY;LLACLLIN;021705;1;2;3
ANCASH;RECUAY;PAMPAS CHICO;021707;4;3;4
ANCASH;RECUAY;PARARIN;021708;;;2
ANCASH;RECUAY;TAPACOCHA;021709;;;3
ANCASH;RECUAY;TICAPAMPA;021710;30;28;12
ANCASH;SANTA;CHIMBOTE;021801;5303;6469;8081
ANCASH;SANTA;CACERES DEL PERU;021802;35;42;49
ANCASH;SANTA;COISHCO;021803;166;311;447
ANCASH;SANTA;MACATE;021804;22;23;26
ANCASH;SANTA;MORO;021805;148;237;343
ANCASH;SANTA;NEPEÑA;021806;272;308;270
ANCASH;SANTA;SAMANCO;021807;91;68;128
ANCASH;SANTA;SANTA;021808;684;792;867
ANCASH;SANTA;NUEVO CHIMBOTE;021809;3737;4255;5554
ANCASH;SIHUAS;SIHUAS;021901;90;186;180
ANCASH;SIHUAS;ACOBAMBA;021902;2;2;3
ANCASH;SIHUAS;ALFONSO UGARTE;021903;;;1
ANCASH;SIHUAS;CASHAPAMPA;021904;3;3;4
ANCASH;SIHUAS;HUAYLLABAMBA;021906;2;;2
ANCASH;SIHUAS;QUICHES;021907;;4;1
ANCASH;SIHUAS;RAGASH;021908;;7;5
ANCASH;SIHUAS;SAN JUAN;021909;3;4;14
ANCASH;SIHUAS;SICSIBAMBA;021910;2;3;12
ANCASH;YUNGAY;YUNGAY;022001;432;501;574
ANCASH;YUNGAY;CASCAPARA;022002;;4;4
ANCASH;YUNGAY;MANCOS;022003;119;162;197
ANCASH;YUNGAY;MATACOTO;022004;4;1;8
ANCASH;YUNGAY;QUILLO;022005;1;2;6
ANCASH;YUNGAY;RANRAHIRCA;022006;47;107;95
ANCASH;YUNGAY;SHUPLUY;022007;1;1;
ANCASH;YUNGAY;YANAMA;022008;;36;74
APURIMAC;ABANCAY;ABANCAY;030101;2668;3875;4305
APURIMAC;ABANCAY;CHACOCHE;030102;1;35;29
APURIMAC;ABANCAY;CIRCA;030103;4;16;12
APURIMAC;ABANCAY;CURAHUASI;030104;120;516;644
APURIMAC;ABANCAY;HUANIPACA;030105;22;21;40
APURIMAC;ABANCAY;LAMBRAMA;030106;1;4;71
APURIMAC;ABANCAY;PICHIRHUA;030107;2;37;43
APURIMAC;ABANCAY;SAN PEDRO DE CACHORA;030108;4;25;67
APURIMAC;ABANCAY;TAMBURCO;030109;335;434;636
APURIMAC;ANDAHUAYLAS;ANDAHUAYLAS;030201;712;1506;1955
APURIMAC;ANDAHUAYLAS;ANDARAPA;030202;26;24;26
APURIMAC;ANDAHUAYLAS;CHIARA;030203;;1;
APURIMAC;ANDAHUAYLAS;HUANCARAMA;030204;2;61;89
APURIMAC;ANDAHUAYLAS;HUANCARAY;030205;;38;63
APURIMAC;ANDAHUAYLAS;HUAYANA;030206;2;;1
APURIMAC;ANDAHUAYLAS;KISHUARA;030207;2;35;50
APURIMAC;ANDAHUAYLAS;PACOBAMBA;030208;3;12;13
APURIMAC;ANDAHUAYLAS;PACUCHA;030209;13;79;100
APURIMAC;ANDAHUAYLAS;PAMPACHIRI;030210;;2;23
APURIMAC;ANDAHUAYLAS;POMACOCHA;030211;;;1
APURIMAC;ANDAHUAYLAS;SAN ANTONIO DE CACHI;030212;1;6;18
APURIMAC;ANDAHUAYLAS;SAN JERONIMO;030213;21;408;553
APURIMAC;ANDAHUAYLAS;SAN MIGUEL DE CHACCRAMPA;030214;1;2;
APURIMAC;ANDAHUAYLAS;SANTA MARIA DE CHICMO;030215;3;67;107
APURIMAC;ANDAHUAYLAS;TALAVERA;030216;143;802;824
APURIMAC;ANDAHUAYLAS;TUMAY HUARACA;030217;1;1;7
APURIMAC;ANDAHUAYLAS;TURPO;030218;;4;31
APURIMAC;ANDAHUAYLAS;KAQUIABAMBA;030219;;8;5
APURIMAC;ANTABAMBA;ANTABAMBA;030301;;1;49
APURIMAC;ANTABAMBA;EL ORO;030302;4;1;11
APURIMAC;ANTABAMBA;HUAQUIRCA;030303;;;9
APURIMAC;ANTABAMBA;JUAN ESPINOZA MEDRANO;030304;1;;9
APURIMAC;ANTABAMBA;OROPESA;030305;7;;48
APURIMAC;ANTABAMBA;PACHACONAS;030306;28;28;56
APURIMAC;ANTABAMBA;SABAINO;030307;;;4
APURIMAC;AYMARAES;CHALHUANCA;030401;2;104;108
APURIMAC;AYMARAES;CAPAYA;030402;;4;4
APURIMAC;AYMARAES;CARAYBAMBA;030403;;9;9
APURIMAC;AYMARAES;CHAPIMARCA;030404;;9;20
APURIMAC;AYMARAES;COLCABAMBA;030405;;10;8
APURIMAC;AYMARAES;COTARUSE;030406;11;30;29
APURIMAC;AYMARAES;HUAYLLO;030407;;2;4
APURIMAC;AYMARAES;LUCRE;030409;;2;11
APURIMAC;AYMARAES;POCOHUANCA;030410;;2;12
APURIMAC;AYMARAES;SAN JUAN DE CHACÑA;030411;;2;5
APURIMAC;AYMARAES;SAÑAYCA;030412;;6;7
APURIMAC;AYMARAES;SORAYA;030413;;4;7
APURIMAC;AYMARAES;TAPAIRIHUA;030414;3;2;5
APURIMAC;AYMARAES;TINTAY;030415;;13;39
APURIMAC;AYMARAES;TORAYA;030416;;9;5
APURIMAC;AYMARAES;YANACA;030417;4;9;28
APURIMAC;COTABAMBAS;TAMBOBAMBA;030501;1;94;191
APURIMAC;COTABAMBAS;COTABAMBAS;030502;25;1;2
APURIMAC;COTABAMBAS;COYLLURQUI;030503;4;3;3
APURIMAC;COTABAMBAS;HAQUIRA;030504;42;141;114
APURIMAC;COTABAMBAS;MARA;030505;;1;2
APURIMAC;COTABAMBAS;CHALLHUAHUACHO;030506;3;354;418
APURIMAC;CHINCHEROS;CHINCHEROS;030601;36;179;129
APURIMAC;CHINCHEROS;ANCO_HUALLO;030602;74;187;233
APURIMAC;CHINCHEROS;COCHARCAS;030603;1;1;8
APURIMAC;CHINCHEROS;HUACCANA;030604;3;73;72
APURIMAC;CHINCHEROS;OCOBAMBA;030605;3;121;173
APURIMAC;CHINCHEROS;ONGOY;030606;11;27;52
APURIMAC;CHINCHEROS;URANMARCA;030607;1;18;37
APURIMAC;CHINCHEROS;RANRACANCHA;030608;10;49;37
APURIMAC;GRAU;CHUQUIBAMBILLA;030701;1;2;216
APURIMAC;GRAU;CURPAHUASI;030702;8;8;6
APURIMAC;GRAU;GAMARRA;030703;5;18;4
APURIMAC;GRAU;HUAYLLATI;030704;;;14
APURIMAC;GRAU;MAMARA;030705;1;;1
APURIMAC;GRAU;MICAELA BASTIDAS;030706;;1;
APURIMAC;GRAU;PATAYPAMPA;030707;;;5
APURIMAC;GRAU;PROGRESO;030708;24;;85
APURIMAC;GRAU;SANTA ROSA;030710;;;4
APURIMAC;GRAU;VILCABAMBA;030712;7;5;1
APURIMAC;GRAU;CURASCO;030714;2;2;
AREQUIPA;AREQUIPA;AREQUIPA;040101;5574;5975;6625
AREQUIPA;AREQUIPA;ALTO SELVA ALEGRE;040102;2945;3217;3087
AREQUIPA;AREQUIPA;CAYMA;040103;3535;3792;3816
AREQUIPA;AREQUIPA;CERRO COLORADO;040104;6878;7282;7626
AREQUIPA;AREQUIPA;CHARACATO;040105;455;509;510
AREQUIPA;AREQUIPA;CHIGUATA;040106;101;105;187
AREQUIPA;AREQUIPA;JACOBO HUNTER;040107;1796;1809;1573
AREQUIPA;AREQUIPA;LA JOYA;040108;895;970;1292
AREQUIPA;AREQUIPA;MARIANO MELGAR;040109;2673;2395;2668
AREQUIPA;AREQUIPA;MIRAFLORES;040110;3079;3189;3421
AREQUIPA;AREQUIPA;MOLLEBAYA;040111;153;134;181
AREQUIPA;AREQUIPA;PAUCARPATA;040112;4789;4333;4764
AREQUIPA;AREQUIPA;POCSI;040113;13;19;13
AREQUIPA;AREQUIPA;POLOBAYA;040114;21;22;43
AREQUIPA;AREQUIPA;QUEQUEÑA;040115;35;28;57
AREQUIPA;AREQUIPA;SABANDIA;040116;139;169;166
AREQUIPA;AREQUIPA;SACHACA;040117;957;1001;879
AREQUIPA;AREQUIPA;SAN JUAN DE SIGUAS;040118;5;17;8
AREQUIPA;AREQUIPA;SAN JUAN DE TARUCANI;040119;7;10;22
AREQUIPA;AREQUIPA;SANTA RITA DE SIGUAS;040121;104;97;147
AREQUIPA;AREQUIPA;SOCABAYA;040122;3346;3277;2942
AREQUIPA;AREQUIPA;TIABAYA;040123;526;602;551
AREQUIPA;AREQUIPA;UCHUMAYO;040124;632;642;608
AREQUIPA;AREQUIPA;VITOR;040125;3;;16
AREQUIPA;AREQUIPA;YANAHUARA;040126;1666;2067;2233
AREQUIPA;AREQUIPA;YARABAMBA;040127;38;79;75
AREQUIPA;AREQUIPA;YURA;040128;775;994;875
AREQUIPA;AREQUIPA;JOSE LUIS BUSTAMANTE Y RIVERO;040129;3861;5259;4857
AREQUIPA;CAMANA;CAMANA;040201;791;790;1008
AREQUIPA;CAMANA;JOSE MARIA QUIMPER;040202;18;23;40
AREQUIPA;CAMANA;MARIANO NICOLAS VALCARCEL;040203;16;30;9
AREQUIPA;CAMANA;MARISCAL CACERES;040204;171;175;181
AREQUIPA;CAMANA;NICOLAS DE PIEROLA;040205;103;87;223
AREQUIPA;CAMANA;OCOÑA;040206;132;160;173
AREQUIPA;CAMANA;QUILCA;040207;3;1;5
AREQUIPA;CAMANA;SAMUEL PASTOR;040208;739;858;1059
AREQUIPA;CARAVELI;CARAVELI;040301;111;200;169
AREQUIPA;CARAVELI;ACARI;040302;69;120;160
AREQUIPA;CARAVELI;ATICO;040303;142;186;248
AREQUIPA;CARAVELI;ATIQUIPA;040304;2;;3
AREQUIPA;CARAVELI;BELLA UNION;040305;54;70;87
AREQUIPA;CARAVELI;CAHUACHO;040306;4;1;1
AREQUIPA;CARAVELI;CHALA;040307;328;431;465
AREQUIPA;CARAVELI;CHAPARRA;040308;40;120;77
AREQUIPA;CARAVELI;HUANUHUANU;040309;5;;3
AREQUIPA;CARAVELI;JAQUI;040310;17;28;14
AREQUIPA;CARAVELI;LOMAS;040311;19;40;53
AREQUIPA;CARAVELI;QUICACHA;040312;;7;22
AREQUIPA;CARAVELI;YAUCA;040313;32;66;64
AREQUIPA;CASTILLA;APLAO;040401;207;368;355
AREQUIPA;CASTILLA;AYO;040403;;;1
AREQUIPA;CASTILLA;CHACHAS;040404;2;1;1
AREQUIPA;CASTILLA;CHILCAYMARCA;040405;6;9;5
AREQUIPA;CASTILLA;CHOCO;040406;;2;6
AREQUIPA;CASTILLA;HUANCARQUI;040407;12;4;6
AREQUIPA;CASTILLA;MACHAGUAY;040408;1;;
AREQUIPA;CASTILLA;ORCOPAMPA;040409;104;108;116
AREQUIPA;CASTILLA;PAMPACOLCA;040410;56;96;67
AREQUIPA;CASTILLA;TIPAN;040411;;;3
AREQUIPA;CASTILLA;URACA;040413;128;112;115
AREQUIPA;CASTILLA;VIRACO;040414;17;40;28
AREQUIPA;CAYLLOMA;CHIVAY;040501;181;518;505
AREQUIPA;CAYLLOMA;ACHOMA;040502;7;1;26
AREQUIPA;CAYLLOMA;CABANACONDE;040503;62;68;94
AREQUIPA;CAYLLOMA;CALLALLI;040504;;;15
AREQUIPA;CAYLLOMA;CAYLLOMA;040505;;24;96
AREQUIPA;CAYLLOMA;COPORAQUE;040506;10;2;17
AREQUIPA;CAYLLOMA;HUAMBO;040507;36;32;18
AREQUIPA;CAYLLOMA;HUANCA;040508;81;104;88
AREQUIPA;CAYLLOMA;ICHUPAMPA;040509;2;;5
AREQUIPA;CAYLLOMA;LARI;040510;27;17;11
AREQUIPA;CAYLLOMA;LLUTA;040511;9;;
AREQUIPA;CAYLLOMA;MACA;040512;3;1;7
AREQUIPA;CAYLLOMA;MADRIGAL;040513;19;22;10
AREQUIPA;CAYLLOMA;SAN ANTONIO DE CHUCA;040514;1;1;9
AREQUIPA;CAYLLOMA;SIBAYO;040515;1;1;15
AREQUIPA;CAYLLOMA;TAPAY;040516;4;2;4
AREQUIPA;CAYLLOMA;TISCO;040517;1;;
AREQUIPA;CAYLLOMA;TUTI;040518;5;2;10
AREQUIPA;CAYLLOMA;YANQUE;040519;11;4;16
AREQUIPA;CAYLLOMA;MAJES;040520;2090;2394;2308
AREQUIPA;CONDESUYOS;CHUQUIBAMBA;040601;63;108;92
AREQUIPA;CONDESUYOS;ANDARAY;040602;21;14;13
AREQUIPA;CONDESUYOS;CAYARANI;040603;4;3;4
AREQUIPA;CONDESUYOS;CHICHAS;040604;;1;
AREQUIPA;CONDESUYOS;IRAY;040605;4;;2
AREQUIPA;CONDESUYOS;RIO GRANDE;040606;;2;4
AREQUIPA;CONDESUYOS;YANAQUIHUA;040608;;1;2
AREQUIPA;ISLAY;MOLLENDO;040701;1415;1579;1278
AREQUIPA;ISLAY;COCACHACRA;040702;254;270;355
AREQUIPA;ISLAY;DEAN VALDIVIA;040703;156;106;177
AREQUIPA;ISLAY;ISLAY;040704;183;245;235
AREQUIPA;ISLAY;MEJIA;040705;67;63;87
AREQUIPA;ISLAY;PUNTA DE BOMBON;040706;220;260;308
AREQUIPA;LA UNION;COTAHUASI;040801;3;26;30
AREQUIPA;LA UNION;HUAYNACOTAS;040804;;1;1
AREQUIPA;LA UNION;PUYCA;040806;1;1;1
AREQUIPA;LA UNION;SAYLA;040808;;;3
AREQUIPA;LA UNION;TOMEPAMPA;040810;;;1
AREQUIPA;LA UNION;TORO;040811;1;;1
AYACUCHO;HUAMANGA;AYACUCHO;050101;1511;4053;5180
AYACUCHO;HUAMANGA;ACOCRO;050102;12;35;63
AYACUCHO;HUAMANGA;ACOS VINCHOS;050103;21;66;53
AYACUCHO;HUAMANGA;CARMEN ALTO;050104;298;936;954
AYACUCHO;HUAMANGA;CHIARA;050105;12;47;55
AYACUCHO;HUAMANGA;OCROS;050106;15;38;67
AYACUCHO;HUAMANGA;PACAYCASA;050107;;6;5
AYACUCHO;HUAMANGA;QUINUA;050108;27;38;11
AYACUCHO;HUAMANGA;SAN JOSE DE TICLLAS;050109;;3;6
AYACUCHO;HUAMANGA;SAN JUAN BAUTISTA;050110;332;937;1001
AYACUCHO;HUAMANGA;SANTIAGO DE PISCHA;050111;1;1;4
AYACUCHO;HUAMANGA;SOCOS;050112;6;22;20
AYACUCHO;HUAMANGA;TAMBILLO;050113;6;36;37
AYACUCHO;HUAMANGA;VINCHOS;050114;7;11;13
AYACUCHO;HUAMANGA;JESUS NAZARENO;050115;152;356;389
AYACUCHO;HUAMANGA;ANDRES AVELINO CACERES;050116;192;462;480
AYACUCHO;CANGALLO;CANGALLO;050201;43;144;148
AYACUCHO;CANGALLO;CHUSCHI;050202;;3;57
AYACUCHO;CANGALLO;LOS MOROCHUCOS;050203;5;89;143
AYACUCHO;CANGALLO;MARIA PARADO DE BELLIDO;050204;1;16;18
AYACUCHO;CANGALLO;PARAS;050205;1;2;8
AYACUCHO;CANGALLO;TOTOS;050206;;;3
AYACUCHO;HUANCA SANCOS;SANCOS;050301;25;38;59
AYACUCHO;HUANCA SANCOS;CARAPO;050302;3;8;5
AYACUCHO;HUANCA SANCOS;SACSAMARCA;050303;2;4;12
AYACUCHO;HUANCA SANCOS;SANTIAGO DE LUCANAMARCA;050304;3;3;7
AYACUCHO;HUANTA;HUANTA;050401;343;1075;1095
AYACUCHO;HUANTA;AYAHUANCO;050402;;1;1
AYACUCHO;HUANTA;HUAMANGUILLA;050403;;2;43
AYACUCHO;HUANTA;IGUAIN;050404;;5;9
AYACUCHO;HUANTA;LURICOCHA;050405;9;36;61
AYACUCHO;HUANTA;SANTILLANA;050406;;5;3
AYACUCHO;HUANTA;SIVIA;050407;38;50;181
AYACUCHO;HUANTA;LLOCHEGUA;050408;1;3;7
AYACUCHO;LA MAR;SAN MIGUEL;050501;80;207;261
AYACUCHO;LA MAR;ANCO;050502;4;9;7
AYACUCHO;LA MAR;AYNA;050503;176;384;651
AYACUCHO;LA MAR;CHILCAS;050504;2;3;6
AYACUCHO;LA MAR;CHUNGUI;050505;7;18;3
AYACUCHO;LA MAR;LUIS CARRANZA;050506;;;4
AYACUCHO;LA MAR;SANTA ROSA;050507;4;11;10
AYACUCHO;LA MAR;TAMBO;050508;97;139;117
AYACUCHO;LA MAR;PALMAPAMPA;050509;46;96;141
AYACUCHO;LUCANAS;PUQUIO;050601;185;566;387
AYACUCHO;LUCANAS;AUCARA;050602;;3;9
AYACUCHO;LUCANAS;CABANA;050603;;3;2
AYACUCHO;LUCANAS;CARMEN SALCEDO;050604;;2;
AYACUCHO;LUCANAS;CHAVIÑA;050605;1;8;10
AYACUCHO;LUCANAS;CHIPAO;050606;2;5;10
AYACUCHO;LUCANAS;HUAC-HUAS;050607;;;1
AYACUCHO;LUCANAS;LEONCIO PRADO;050609;;;4
AYACUCHO;LUCANAS;LUCANAS;050611;5;17;17
AYACUCHO;LUCANAS;SAISA;050614;1;;
AYACUCHO;LUCANAS;SAN CRISTOBAL;050615;2;3;2
AYACUCHO;LUCANAS;SAN JUAN;050616;3;5;9
AYACUCHO;LUCANAS;SAN PEDRO;050617;3;8;11
AYACUCHO;LUCANAS;SAN PEDRO DE PALCO;050618;;1;
AYACUCHO;LUCANAS;SANCOS;050619;2;14;7
AYACUCHO;LUCANAS;SANTA ANA DE HUAYCAHUACHO;050620;;;3
AYACUCHO;LUCANAS;SANTA LUCIA;050621;;1;
AYACUCHO;PARINACOCHAS;CORACORA;050701;137;323;345
AYACUCHO;PARINACOCHAS;CHUMPI;050702;11;15;23
AYACUCHO;PARINACOCHAS;CORONEL CASTAÑEDA;050703;;1;1
AYACUCHO;PARINACOCHAS;PACAPAUSA;050704;;1;2
AYACUCHO;PARINACOCHAS;PULLO;050705;2;13;7
AYACUCHO;PARINACOCHAS;PUYUSCA;050706;3;2;2
AYACUCHO;PARINACOCHAS;SAN FRANCISCO DE RAVACAYCO;050707;2;2;1
AYACUCHO;PARINACOCHAS;UPAHUACHO;050708;;2;4
AYACUCHO;PAUCAR DEL SARA SARA;PAUSA;050801;52;112;113
AYACUCHO;PAUCAR DEL SARA SARA;COLTA;050802;2;1;2
AYACUCHO;PAUCAR DEL SARA SARA;CORCULLA;050803;1;;2
AYACUCHO;PAUCAR DEL SARA SARA;LAMPA;050804;4;15;24
AYACUCHO;PAUCAR DEL SARA SARA;MARCABAMBA;050805;4;14;15
AYACUCHO;PAUCAR DEL SARA SARA;OYOLO;050806;1;;
AYACUCHO;PAUCAR DEL SARA SARA;PARARCA;050807;;2;4
AYACUCHO;PAUCAR DEL SARA SARA;SAN JAVIER DE ALPABAMBA;050808;2;7;3
AYACUCHO;PAUCAR DEL SARA SARA;SARA SARA;050810;1;3;
AYACUCHO;SUCRE;QUEROBAMBA;050901;38;99;144
AYACUCHO;SUCRE;BELEN;050902;2;;3
AYACUCHO;SUCRE;CHALCOS;050903;;5;4
AYACUCHO;SUCRE;CHILCAYOC;050904;;;2
AYACUCHO;SUCRE;HUACAÑA;050905;;;4
AYACUCHO;SUCRE;MORCOLLA;050906;13;12;11
AYACUCHO;SUCRE;PAICO;050907;;2;1
AYACUCHO;SUCRE;SAN PEDRO DE LARCAY;050908;;1;
AYACUCHO;SUCRE;SAN SALVADOR DE QUIJE;050909;4;10;8
AYACUCHO;SUCRE;SORAS;050911;;;2
AYACUCHO;VICTOR FAJARDO;HUANCAPI;051001;8;30;54
AYACUCHO;VICTOR FAJARDO;ALCAMENCA;051002;3;3;8
AYACUCHO;VICTOR FAJARDO;APONGO;051003;;;2
AYACUCHO;VICTOR FAJARDO;CANARIA;051005;7;23;31
AYACUCHO;VICTOR FAJARDO;CAYARA;051006;;4;6
AYACUCHO;VICTOR FAJARDO;COLCA;051007;1;8;13
AYACUCHO;VICTOR FAJARDO;HUAMANQUIQUIA;051008;;5;
AYACUCHO;VICTOR FAJARDO;HUANCARAYLLA;051009;1;5;12
AYACUCHO;VICTOR FAJARDO;HUAYA;051010;;1;10
AYACUCHO;VICTOR FAJARDO;SARHUA;051011;;;9
AYACUCHO;VICTOR FAJARDO;VILCANCHOS;051012;1;2;
AYACUCHO;VILCAS HUAMAN;VILCAS HUAMAN;051101;1;2;
AYACUCHO;VILCAS HUAMAN;INDEPENDENCIA;051106;1;;
AYACUCHO;VILCAS HUAMAN;VISCHONGO;051108;5;1;1
CAJAMARCA;CAJAMARCA;CAJAMARCA;060101;4914;5194;6278
CAJAMARCA;CAJAMARCA;ASUNCION;060102;;2;
CAJAMARCA;CAJAMARCA;CHETILLA;060103;;2;3
CAJAMARCA;CAJAMARCA;COSPAN;060104;;1;
CAJAMARCA;CAJAMARCA;ENCAÑADA;060105;63;64;79
CAJAMARCA;CAJAMARCA;JESUS;060106;160;143;199
CAJAMARCA;CAJAMARCA;LLACANORA;060107;29;35;13
CAJAMARCA;CAJAMARCA;LOS BAÑOS DEL INCA;060108;645;643;649
CAJAMARCA;CAJAMARCA;MAGDALENA;060109;54;42;63
CAJAMARCA;CAJAMARCA;MATARA;060110;2;3;2
CAJAMARCA;CAJAMARCA;NAMORA;060111;54;82;101
CAJAMARCA;CAJAMARCA;SAN JUAN;060112;34;39;63
CAJAMARCA;CAJABAMBA;CAJABAMBA;060201;587;492;772
CAJAMARCA;CAJABAMBA;CACHACHI;060202;64;77;107
CAJAMARCA;CAJABAMBA;CONDEBAMBA;060203;7;9;19
CAJAMARCA;CAJABAMBA;SITACOCHA;060204;32;8;27
CAJAMARCA;CELENDIN;CELENDIN;060301;584;670;772
CAJAMARCA;CELENDIN;CHUMUCH;060302;4;1;5
CAJAMARCA;CELENDIN;CORTEGANA;060303;3;5;3
CAJAMARCA;CELENDIN;HUASMIN;060304;57;60;56
CAJAMARCA;CELENDIN;JORGE CHAVEZ;060305;6;4;6
CAJAMARCA;CELENDIN;JOSE GALVEZ;060306;20;30;15
CAJAMARCA;CELENDIN;MIGUEL IGLESIAS;060307;3;3;2
CAJAMARCA;CELENDIN;OXAMARCA;060308;24;19;20
CAJAMARCA;CELENDIN;SOROCHUCO;060309;2;3;3
CAJAMARCA;CELENDIN;SUCRE;060310;49;58;47
CAJAMARCA;CELENDIN;UTCO;060311;8;9;9
CAJAMARCA;CELENDIN;LA LIBERTAD DE PALLAN;060312;1;2;2
CAJAMARCA;CHOTA;CHOTA;060401;498;880;1146
CAJAMARCA;CHOTA;ANGUIA;060402;;1;
CAJAMARCA;CHOTA;CHOROPAMPA;060406;;2;
CAJAMARCA;CHOTA;COCHABAMBA;060407;1;1;2
CAJAMARCA;CHOTA;CONCHAN;060408;;;3
CAJAMARCA;CHOTA;HUAMBOS;060409;60;47;66
CAJAMARCA;CHOTA;LAJAS;060410;;3;18
CAJAMARCA;CHOTA;LLAMA;060411;60;52;53
CAJAMARCA;CHOTA;MIRACOSTA;060412;7;8;
CAJAMARCA;CHOTA;PACCHA;060413;;1;
CAJAMARCA;CHOTA;QUEROCOTO;060415;;;2
CAJAMARCA;CHOTA;SAN JUAN DE LICUPIS;060416;;;1
CAJAMARCA;CHOTA;TACABAMBA;060417;16;9;59
CAJAMARCA;CHOTA;TOCMOCHE;060418;1;;1
CAJAMARCA;CHOTA;CHALAMARCA;060419;;2;4
CAJAMARCA;CONTUMAZA;CONTUMAZA;060501;130;167;118
CAJAMARCA;CONTUMAZA;CHILETE;060502;64;52;65
CAJAMARCA;CONTUMAZA;CUPISNIQUE;060503;;;1
CAJAMARCA;CONTUMAZA;GUZMANGO;060504;5;9;5
CAJAMARCA;CONTUMAZA;SAN BENITO;060505;17;4;2
CAJAMARCA;CONTUMAZA;SANTA CRUZ DE TOLED;060506;;1;
CAJAMARCA;CONTUMAZA;TANTARICA;060507;21;20;12
CAJAMARCA;CONTUMAZA;YONAN;060508;114;97;97
CAJAMARCA;CUTERVO;CUTERVO;060601;794;813;981
CAJAMARCA;CUTERVO;CALLAYUC;060602;5;5;3
CAJAMARCA;CUTERVO;CHOROS;060603;18;17;21
CAJAMARCA;CUTERVO;CUJILLO;060604;1;;
CAJAMARCA;CUTERVO;LA RAMADA;060605;;1;
CAJAMARCA;CUTERVO;PIMPINGOS;060606;1;;3
CAJAMARCA;CUTERVO;QUEROCOTILLO;060607;8;10;8
CAJAMARCA;CUTERVO;SANTA CRUZ;060611;3;1;7
CAJAMARCA;CUTERVO;SANTO DOMINGO DE LA CAPILLA;060612;;;1
CAJAMARCA;CUTERVO;SANTO TOMAS;060613;;3;
CAJAMARCA;CUTERVO;SOCOTA;060614;3;;6
CAJAMARCA;HUALGAYOC;BAMBAMARCA;060701;560;524;945
CAJAMARCA;HUALGAYOC;CHUGUR;060702;1;1;2
CAJAMARCA;HUALGAYOC;HUALGAYOC;060703;69;99;133
CAJAMARCA;JAEN;JAEN;060801;1560;3005;3047
CAJAMARCA;JAEN;BELLAVISTA;060802;106;136;199
CAJAMARCA;JAEN;CHONTALI;060803;3;2;1
CAJAMARCA;JAEN;COLASAY;060804;6;7;12
CAJAMARCA;JAEN;HUABAL;060805;29;36;23
CAJAMARCA;JAEN;LAS PIRIAS;060806;21;44;28
CAJAMARCA;JAEN;POMAHUACA;060807;34;80;73
CAJAMARCA;JAEN;PUCARA;060808;104;177;206
CAJAMARCA;JAEN;SALLIQUE;060809;;;1
CAJAMARCA;JAEN;SAN FELIPE;060810;2;2;1
CAJAMARCA;JAEN;SAN JOSE DEL ALTO;060811;5;20;24
CAJAMARCA;JAEN;SANTA ROSA;060812;64;36;25
CAJAMARCA;SAN IGNACIO;SAN IGNACIO;060901;522;552;630
CAJAMARCA;SAN IGNACIO;CHIRINOS;060902;66;75;121
CAJAMARCA;SAN IGNACIO;HUARANGO;060903;3;1;5
CAJAMARCA;SAN IGNACIO;LA COIPA;060904;26;28;64
CAJAMARCA;SAN IGNACIO;NAMBALLE;060905;2;6;6
CAJAMARCA;SAN IGNACIO;SAN JOSE DE LOURDES;060906;90;94;58
CAJAMARCA;SAN IGNACIO;TABACONAS;060907;6;2;6
CAJAMARCA;SAN MARCOS;PEDRO GALVEZ;061001;349;388;353
CAJAMARCA;SAN MARCOS;CHANCAY;061002;17;21;28
CAJAMARCA;SAN MARCOS;EDUARDO VILLANUEVA;061003;33;25;44
CAJAMARCA;SAN MARCOS;GREGORIO PITA;061004;4;7;13
CAJAMARCA;SAN MARCOS;ICHOCAN;061005;16;29;36
CAJAMARCA;SAN MARCOS;JOSE MANUEL QUIROZ;061006;7;12;13
CAJAMARCA;SAN MARCOS;JOSE SABOGAL;061007;14;17;7
CAJAMARCA;SAN MIGUEL;SAN MIGUEL;061101;119;109;121
CAJAMARCA;SAN MIGUEL;BOLIVAR;061102;17;29;45
CAJAMARCA;SAN MIGUEL;CALQUIS;061103;11;10;12
CAJAMARCA;SAN MIGUEL;CATILLUC;061104;12;18;17
CAJAMARCA;SAN MIGUEL;EL PRADO;061105;24;32;14
CAJAMARCA;SAN MIGUEL;LLAPA;061107;4;6;
CAJAMARCA;SAN MIGUEL;NANCHOC;061108;;;1
CAJAMARCA;SAN MIGUEL;NIEPOS;061109;32;33;25
CAJAMARCA;SAN MIGUEL;SAN SILVESTRE DE COCHAN;061111;;1;1
CAJAMARCA;SAN MIGUEL;TONGOD;061112;1;2;1
CAJAMARCA;SAN PABLO;SAN PABLO;061201;124;171;168
CAJAMARCA;SAN PABLO;SAN BERNARDINO;061202;4;6;4
CAJAMARCA;SAN PABLO;SAN LUIS;061203;3;1;
CAJAMARCA;SAN PABLO;TUMBADEN;061204;6;10;6
CAJAMARCA;SANTA CRUZ;SANTA CRUZ;061301;236;257;271
CAJAMARCA;SANTA CRUZ;ANDABAMBA;061302;5;10;3
CAJAMARCA;SANTA CRUZ;CATACHE;061303;17;15;15
CAJAMARCA;SANTA CRUZ;CHANCAYBAÑOS;061304;1;1;1
CAJAMARCA;SANTA CRUZ;LA ESPERANZA;061305;4;15;8
CAJAMARCA;SANTA CRUZ;NINABAMBA;061306;;1;
CAJAMARCA;SANTA CRUZ;PULAN;061307;3;8;10
CAJAMARCA;SANTA CRUZ;SAUCEPAMPA;061308;10;6;5
CAJAMARCA;SANTA CRUZ;SEXI;061309;2;;1
CAJAMARCA;SANTA CRUZ;UTICYACU;061310;5;1;2
CAJAMARCA;SANTA CRUZ;YAUYUCAN;061311;3;3;
CALLAO;CALLAO;CALLAO;070101;18220;22344;21251
CALLAO;CALLAO;BELLAVISTA;070102;1846;3113;2979
CALLAO;CALLAO;CARMEN DE LA LEGUA REYNOSO;070103;1155;1351;1246
CALLAO;CALLAO;LA PERLA;070104;1303;1527;1365
CALLAO;CALLAO;LA PUNTA;070105;161;169;183
CALLAO;CALLAO;VENTANILLA;070106;6961;8786;8334
CALLAO;CALLAO;MI PERU;070107;929;1087;1116
CUSCO;CUSCO;CUSCO;080101;5236;5471;6493
CUSCO;CUSCO;CCORCA;080102;7;21;19
CUSCO;CUSCO;POROY;080103;237;284;230
CUSCO;CUSCO;SAN JERONIMO;080104;1027;1892;2047
CUSCO;CUSCO;SAN SEBASTIAN;080105;3581;3626;3995
CUSCO;CUSCO;SANTIAGO;080106;2830;3797;4080
CUSCO;CUSCO;SAYLLA;080107;237;352;406
CUSCO;CUSCO;WANCHAQ;080108;3444;3710;3685
CUSCO;ACOMAYO;ACOMAYO;080201;;95;106
CUSCO;ACOMAYO;ACOPIA;080202;1;1;5
CUSCO;ACOMAYO;ACOS;080203;;20;15
CUSCO;ACOMAYO;MOSOC LLACTA;080204;;13;20
CUSCO;ACOMAYO;POMACANCHI;080205;;45;125
CUSCO;ACOMAYO;RONDOCAN;080206;6;11;18
CUSCO;ACOMAYO;SANGARARA;080207;1;;1
CUSCO;ANTA;ANTA;080301;329;489;403
CUSCO;ANTA;ANCAHUASI;080302;19;109;81
CUSCO;ANTA;CACHIMAYO;080303;11;52;66
CUSCO;ANTA;CHINCHAYPUJIO;080304;3;3;2
CUSCO;ANTA;HUAROCONDO;080305;2;71;114
CUSCO;ANTA;LIMATAMBO;080306;84;111;135
CUSCO;ANTA;MOLLEPATA;080307;1;2;1
CUSCO;ANTA;PUCYURA;080308;37;84;97
CUSCO;ANTA;ZURITE;080309;4;64;99
CUSCO;CALCA;CALCA;080401;327;398;444
CUSCO;CALCA;COYA;080402;12;32;37
CUSCO;CALCA;LAMAY;080403;14;37;33
CUSCO;CALCA;LARES;080404;;6;7
CUSCO;CALCA;PISAC;080405;29;176;224
CUSCO;CALCA;SAN SALVADOR;080406;2;81;158
CUSCO;CALCA;TARAY;080407;7;26;37
CUSCO;CALCA;YANATILE;080408;2;4;150
CUSCO;CANAS;YANAOCA;080501;68;98;127
CUSCO;CANAS;CHECCA;080502;1;1;
CUSCO;CANAS;KUNTURKANKI;080503;;3;1
CUSCO;CANAS;LANGUI;080504;1;;1
CUSCO;CANAS;LAYO;080505;9;6;27
CUSCO;CANAS;PAMPAMARCA;080506;9;8;21
CUSCO;CANAS;QUEHUE;080507;8;8;21
CUSCO;CANAS;TUPAC AMARU;080508;5;13;17
CUSCO;CANCHIS;SICUANI;080601;1437;1803;2043
CUSCO;CANCHIS;CHECACUPE;080602;;1;8
CUSCO;CANCHIS;COMBAPATA;080603;96;123;88
CUSCO;CANCHIS;MARANGANI;080604;79;125;124
CUSCO;CANCHIS;PITUMARCA;080605;99;111;114
CUSCO;CANCHIS;SAN PABLO;080606;32;31;51
CUSCO;CANCHIS;SAN PEDRO;080607;23;21;14
CUSCO;CANCHIS;TINTA;080608;23;92;163
CUSCO;CHUMBIVILCAS;SANTO TOMAS;080701;1;441;601
CUSCO;CHUMBIVILCAS;CAPACMARCA;080702;;11;15
CUSCO;CHUMBIVILCAS;CHAMACA;080703;;19;38
CUSCO;CHUMBIVILCAS;COLQUEMARCA;080704;;71;93
CUSCO;CHUMBIVILCAS;LIVITACA;080705;2;4;6
CUSCO;CHUMBIVILCAS;LLUSCO;080706;;34;49
CUSCO;CHUMBIVILCAS;QUIÑOTA;080707;1;22;29
CUSCO;CHUMBIVILCAS;VELILLE;080708;;71;219
CUSCO;ESPINAR;ESPINAR;080801;227;533;1150
CUSCO;ESPINAR;CONDOROMA;080802;;1;1
CUSCO;ESPINAR;COPORAQUE;080803;18;12;48
CUSCO;ESPINAR;OCORURO;080804;4;2;6
CUSCO;ESPINAR;PALLPATA;080805;5;7;30
CUSCO;ESPINAR;PICHIGUA;080806;1;4;11
CUSCO;ESPINAR;SUYCKUTAMBO;080807;;2;5
CUSCO;ESPINAR;ALTO PICHIGUA;080808;;4;9
CUSCO;LA CONVENCION;SANTA ANA;080901;908;1994;3347
CUSCO;LA CONVENCION;ECHARATE;080902;4;8;117
CUSCO;LA CONVENCION;HUAYOPATA;080903;;135;174
CUSCO;LA CONVENCION;MARANURA;080904;;146;212
CUSCO;LA CONVENCION;OCOBAMBA;080905;;2;4
CUSCO;LA CONVENCION;QUELLOUNO;080906;4;5;2
CUSCO;LA CONVENCION;KIMBIRI;080907;32;115;125
CUSCO;LA CONVENCION;SANTA TERESA;080908;19;73;124
CUSCO;LA CONVENCION;VILCABAMBA;080909;1;4;19
CUSCO;LA CONVENCION;PICHARI;080910;455;796;869
CUSCO;PARURO;PARURO;081001;49;101;81
CUSCO;PARURO;ACCHA;081002;;;2
CUSCO;PARURO;CCAPI;081003;;2;3
CUSCO;PARURO;COLCHA;081004;7;7;5
CUSCO;PARURO;HUANOQUITE;081005;;1;2
CUSCO;PARURO;OMACHA;081006;4;2;6
CUSCO;PARURO;PACCARITAMBO;081007;;;8
CUSCO;PARURO;PILLPINTO;081008;;11;11
CUSCO;PARURO;YAURISQUE;081009;2;1;17
CUSCO;PAUCARTAMBO;PAUCARTAMBO;081101;;53;135
CUSCO;PAUCARTAMBO;CAICAY;081102;;30;24
CUSCO;PAUCARTAMBO;CHALLABAMBA;081103;;6;30
CUSCO;PAUCARTAMBO;COLQUEPATA;081104;;;8
CUSCO;PAUCARTAMBO;HUANCARANI;081105;16;75;83
CUSCO;PAUCARTAMBO;KOSÑIPATA;081106;;2;5
CUSCO;QUISPICANCHI;URCOS;081201;61;236;325
CUSCO;QUISPICANCHI;ANDAHUAYLILLAS;081202;94;102;124
CUSCO;QUISPICANCHI;CAMANTI;081203;4;14;18
CUSCO;QUISPICANCHI;CCARHUAYO;081204;;1;2
CUSCO;QUISPICANCHI;CCATCA;081205;1;28;29
CUSCO;QUISPICANCHI;CUSIPATA;081206;;22;35
CUSCO;QUISPICANCHI;HUARO;081207;55;76;115
CUSCO;QUISPICANCHI;LUCRE;081208;1;81;220
CUSCO;QUISPICANCHI;MARCAPATA;081209;;2;4
CUSCO;QUISPICANCHI;OCONGATE;081210;;60;196
CUSCO;QUISPICANCHI;OROPESA;081211;148;226;228
CUSCO;QUISPICANCHI;QUIQUIJANA;081212;;69;73
CUSCO;URUBAMBA;URUBAMBA;081301;855;1145;1217
CUSCO;URUBAMBA;CHINCHERO;081302;148;167;230
CUSCO;URUBAMBA;HUAYLLABAMBA;081303;44;129;200
CUSCO;URUBAMBA;MACHUPICCHU;081304;411;290;420
CUSCO;URUBAMBA;MARAS;081305;35;143;169
CUSCO;URUBAMBA;OLLANTAYTAMBO;081306;124;347;374
CUSCO;URUBAMBA;YUCAY;081307;59;55;69
HUANCAVELICA;HUANCAVELICA;HUANCAVELICA;090101;480;1339;1714
HUANCAVELICA;HUANCAVELICA;ACOBAMBILLA;090102;1;2;2
HUANCAVELICA;HUANCAVELICA;ACORIA;090103;11;26;26
HUANCAVELICA;HUANCAVELICA;CONAYCA;090104;;;2
HUANCAVELICA;HUANCAVELICA;CUENCA;090105;;2;8
HUANCAVELICA;HUANCAVELICA;HUACHOCOLPA;090106;;13;32
HUANCAVELICA;HUANCAVELICA;HUAYLLAHUARA;090107;;1;
HUANCAVELICA;HUANCAVELICA;IZCUCHACA;090108;;8;27
HUANCAVELICA;HUANCAVELICA;LARIA;090109;;4;1
HUANCAVELICA;HUANCAVELICA;MANTA;090110;2;6;1
HUANCAVELICA;HUANCAVELICA;NUEVO OCCORO;090113;;2;4
HUANCAVELICA;HUANCAVELICA;PALCA;090114;1;3;8
HUANCAVELICA;HUANCAVELICA;PILCHACA;090115;;;4
HUANCAVELICA;HUANCAVELICA;VILCA;090116;;;1
HUANCAVELICA;HUANCAVELICA;YAULI;090117;5;18;30
HUANCAVELICA;HUANCAVELICA;ASCENSION;090118;108;195;183
HUANCAVELICA;HUANCAVELICA;HUANDO;090119;1;7;10
HUANCAVELICA;ACOBAMBA;ACOBAMBA;090201;;113;199
HUANCAVELICA;ACOBAMBA;ANDABAMBA;090202;;;14
HUANCAVELICA;ACOBAMBA;ANTA;090203;1;;19
HUANCAVELICA;ACOBAMBA;CAJA;090204;;7;13
HUANCAVELICA;ACOBAMBA;MARCAS;090205;;;3
HUANCAVELICA;ACOBAMBA;PAUCARA;090206;;2;144
HUANCAVELICA;ACOBAMBA;POMACOCHA;090207;;8;31
HUANCAVELICA;ACOBAMBA;ROSARIO;090208;;1;21
HUANCAVELICA;ANGARAES;LIRCAY;090301;1;1;5
HUANCAVELICA;ANGARAES;CCOCHACCASA;090304;;1;
HUANCAVELICA;ANGARAES;CHINCHO;090305;;1;
HUANCAVELICA;ANGARAES;CONGALLA;090306;;17;8
HUANCAVELICA;ANGARAES;JULCAMARCA;090309;;2;
HUANCAVELICA;ANGARAES;SAN ANTONIO DE ANTAPARCO;090310;;1;
HUANCAVELICA;ANGARAES;SANTO TOMAS DE PATA;090311;;;1
HUANCAVELICA;ANGARAES;SECCLLA;090312;;;3
HUANCAVELICA;CASTROVIRREYNA;CASTROVIRREYNA;090401;1;;1
HUANCAVELICA;CASTROVIRREYNA;AURAHUA;090403;;;2
HUANCAVELICA;CASTROVIRREYNA;SAN JUAN;090410;;1;
HUANCAVELICA;CASTROVIRREYNA;SANTA ANA;090411;2;1;2
HUANCAVELICA;CASTROVIRREYNA;TICRAPO;090413;;1;
HUANCAVELICA;CHURCAMPA;CHURCAMPA;090501;;1;2
HUANCAVELICA;CHURCAMPA;ANCO;090502;;1;4
HUANCAVELICA;CHURCAMPA;PAUCARBAMBA;090507;;1;1
HUANCAVELICA;CHURCAMPA;SAN MIGUEL DE MAYOCC;090508;;;5
HUANCAVELICA;CHURCAMPA;SAN PEDRO DE CORIS;090509;1;;
HUANCAVELICA;HUAYTARA;HUAYTARA;090601;1;38;39
HUANCAVELICA;HUAYTARA;AYAVI;090602;;2;
HUANCAVELICA;HUAYTARA;CORDOVA;090603;;;9
HUANCAVELICA;HUAYTARA;HUAYACUNDO ARMA;090604;;;1
HUANCAVELICA;HUAYTARA;LARAMARCA;090605;;;3
HUANCAVELICA;HUAYTARA;PILPICHACA;090607;;1;
HUANCAVELICA;HUAYTARA;QUITO-ARMA;090609;;;3
HUANCAVELICA;HUAYTARA;SAN ANTONIO DE CUSICANCHA;090610;;5;2
HUANCAVELICA;HUAYTARA;SAN FRANCISCO DE SANGAYAICO;090611;;;1
HUANCAVELICA;HUAYTARA;SAN ISIDRO;090612;;;1
HUANCAVELICA;HUAYTARA;SANTIAGO DE CHOCORVOS;090613;;;1
HUANCAVELICA;HUAYTARA;SANTO DOMINGO DE CAPILLAS;090615;;1;
HUANCAVELICA;HUAYTARA;TAMBO;090616;;;1
HUANCAVELICA;TAYACAJA;PAMPAS;090701;1;17;92
HUANCAVELICA;TAYACAJA;ACOSTAMBO;090702;;6;
HUANCAVELICA;TAYACAJA;ACRAQUIA;090703;;2;4
HUANCAVELICA;TAYACAJA;AHUAYCHA;090704;;1;4
HUANCAVELICA;TAYACAJA;COLCABAMBA;090705;;;5
HUANCAVELICA;TAYACAJA;DANIEL HERNANDEZ;090706;1;4;21
HUANCAVELICA;TAYACAJA;HUACHOCOLPA;090707;;1;1
HUANCAVELICA;TAYACAJA;HUARIBAMBA;090709;1;;3
HUANCAVELICA;TAYACAJA;ÑAHUIMPUQUIO;090710;;1;1
HUANCAVELICA;TAYACAJA;PAZOS;090711;;;3
HUANCAVELICA;TAYACAJA;QUISHUAR;090713;;1;
HUANCAVELICA;TAYACAJA;SALCABAMBA;090714;;;4
HUANCAVELICA;TAYACAJA;SALCAHUASI;090715;;1;
HUANCAVELICA;TAYACAJA;SAN MARCOS DE ROCCHAC;090716;;;2
HUANUCO;HUANUCO;HUANUCO;100101;2239;3479;4647
HUANUCO;HUANUCO;AMARILIS;100102;1263;1997;2237
HUANUCO;HUANUCO;CHINCHAO;100103;4;147;152
HUANUCO;HUANUCO;CHURUBAMBA;100104;7;28;106
HUANUCO;HUANUCO;MARGOS;100105;2;4;6
HUANUCO;HUANUCO;QUISQUI;100106;7;11;13
HUANUCO;HUANUCO;SAN FRANCISCO DE CAYRAN;100107;;20;27
HUANUCO;HUANUCO;SAN PEDRO DE CHAULAN;100108;;3;8
HUANUCO;HUANUCO;SANTA MARIA DEL VALLE;100109;27;51;81
HUANUCO;HUANUCO;YARUMAYO;100110;;2;5
HUANUCO;HUANUCO;PILLCO MARCA;100111;29;1143;1203
HUANUCO;AMBO;AMBO;100201;53;427;600
HUANUCO;AMBO;CAYNA;100202;1;6;9
HUANUCO;AMBO;COLPAS;100203;;2;1
HUANUCO;AMBO;CONCHAMARCA;100204;5;28;19
HUANUCO;AMBO;HUACAR;100205;7;42;31
HUANUCO;AMBO;SAN FRANCISCO;100206;;1;5
HUANUCO;AMBO;SAN RAFAEL;100207;2;33;81
HUANUCO;AMBO;TOMAY KICHWA;100208;7;40;24
HUANUCO;DOS DE MAYO;LA UNION;100301;2;34;197
HUANUCO;DOS DE MAYO;CHUQUIS;100307;;1;9
HUANUCO;DOS DE MAYO;MARIAS;100311;;3;7
HUANUCO;DOS DE MAYO;PACHAS;100313;;5;33
HUANUCO;DOS DE MAYO;QUIVILLA;100316;;;3
HUANUCO;DOS DE MAYO;RIPAN;100317;;14;55
HUANUCO;DOS DE MAYO;SHUNQUI;100321;;3;4
HUANUCO;DOS DE MAYO;SILLAPATA;100322;;1;5
HUANUCO;DOS DE MAYO;YANAS;100323;;4;4
HUANUCO;HUACAYBAMBA;COCHABAMBA;100403;;;1
HUANUCO;HUAMALIES;LLATA;100501;1;3;167
HUANUCO;HUAMALIES;ARANCAY;100502;;;2
HUANUCO;HUAMALIES;CHAVIN DE PARIARCA;100503;;;5
HUANUCO;HUAMALIES;JACAS GRANDE;100504;;;8
HUANUCO;HUAMALIES;JIRCAN;100505;;1;
HUANUCO;HUAMALIES;MIRAFLORES;100506;;;6
HUANUCO;HUAMALIES;MONZON;100507;3;23;80
HUANUCO;HUAMALIES;PUNCHAO;100508;;;4
HUANUCO;HUAMALIES;PUÑOS;100509;;1;19
HUANUCO;HUAMALIES;SINGA;100510;;1;3
HUANUCO;HUAMALIES;TANTAMAYO;100511;;;3
HUANUCO;LEONCIO PRADO;RUPA-RUPA;100601;539;2154;2778
HUANUCO;LEONCIO PRADO;DANIEL ALOMIAS ROBLES;100602;4;41;82
HUANUCO;LEONCIO PRADO;HERMILIO VALDIZAN;100603;;5;33
HUANUCO;LEONCIO PRADO;JOSE CRESPO Y CASTILLO;100604;4;320;370
HUANUCO;LEONCIO PRADO;LUYANDO;100605;3;29;36
HUANUCO;LEONCIO PRADO;MARIANO DAMASO BERAUN;100606;3;19;60
HUANUCO;MARAÑON;HUACRACHUCO;100701;;;12
HUANUCO;MARAÑON;CHOLON;100702;2;2;11
HUANUCO;PACHITEA;PANAO;100801;1;117;270
HUANUCO;PACHITEA;CHAGLLA;100802;;27;63
HUANUCO;PACHITEA;MOLINO;100803;;30;60
HUANUCO;PACHITEA;UMARI;100804;;18;29
HUANUCO;PUERTO INCA;PUERTO INCA;100901;;5;306
HUANUCO;PUERTO INCA;CODO DEL POZUZO;100902;;;26
HUANUCO;PUERTO INCA;HONORIA;100903;;2;4
HUANUCO;PUERTO INCA;TOURNAVISTA;100904;;1;41
HUANUCO;PUERTO INCA;YUYAPICHIS;100905;;2;7
HUANUCO;LAURICOCHA;JESUS;101001;;;3
HUANUCO;LAURICOCHA;RONDOS;101005;;1;1
HUANUCO;YAROWILCA;CHAVINILLO;101101;;17;85
HUANUCO;YAROWILCA;CAHUAC;101102;;1;6
HUANUCO;YAROWILCA;CHACABAMBA;101103;;1;4
HUANUCO;YAROWILCA;APARICIO POMARES;101104;;5;9
HUANUCO;YAROWILCA;JACAS CHICO;101105;;;4
HUANUCO;YAROWILCA;OBAS;101106;;6;20
HUANUCO;YAROWILCA;PAMPAMARCA;101107;;2;1
HUANUCO;YAROWILCA;CHORAS;101108;1;3;5
ICA;ICA;ICA;110101;5879;7071;8394
ICA;ICA;LA TINGUIÑA;110102;850;791;876
ICA;ICA;LOS AQUIJES;110103;491;513;548
ICA;ICA;OCUCAJE;110104;2;7;6
ICA;ICA;PACHACUTEC;110105;152;225;222
ICA;ICA;PARCONA;110106;1616;1663;1871
ICA;ICA;PUEBLO NUEVO;110107;5;4;7
ICA;ICA;SALAS;110108;630;747;942
ICA;ICA;SAN JOSE DE LOS MOLINOS;110109;;115;182
ICA;ICA;SAN JUAN BAUTISTA;110110;467;441;480
ICA;ICA;SANTIAGO;110111;565;491;705
ICA;ICA;SUBTANJALLA;110112;819;703;1030
ICA;ICA;TATE;110113;58;105;138
ICA;ICA;YAUCA DEL ROSARIO;110114;6;3;12
ICA;CHINCHA;CHINCHA ALTA;110201;1640;2535;3052
ICA;CHINCHA;ALTO LARAN;110202;253;285;351
ICA;CHINCHA;CHAVIN;110203;11;8;7
ICA;CHINCHA;CHINCHA BAJA;110204;327;295;425
ICA;CHINCHA;EL CARMEN;110205;174;234;319
ICA;CHINCHA;GROCIO PRADO;110206;683;728;851
ICA;CHINCHA;PUEBLO NUEVO;110207;1667;2059;2225
ICA;CHINCHA;SAN JUAN DE YANAC;110208;;1;1
ICA;CHINCHA;SAN PEDRO DE HUACARPANA;110209;1;1;1
ICA;CHINCHA;SUNAMPE;110210;585;796;957
ICA;CHINCHA;TAMBO DE MORA;110211;70;92;210
ICA;NAZCA;NAZCA;110301;908;996;1246
ICA;NAZCA;CHANGUILLO;110302;12;25;15
ICA;NAZCA;EL INGENIO;110303;65;79;101
ICA;NAZCA;MARCONA;110304;500;431;465
ICA;NAZCA;VISTA ALEGRE;110305;597;651;722
ICA;PALPA;PALPA;110401;272;262;272
ICA;PALPA;LLIPATA;110402;29;17;42
ICA;PALPA;RIO GRANDE;110403;36;33;22
ICA;PALPA;SANTA CRUZ;110404;9;7;19
ICA;PALPA;TIBILLO;110405;1;2;
ICA;PISCO;PISCO;110501;1498;2277;2761
ICA;PISCO;HUANCANO;110502;;17;38
ICA;PISCO;HUMAY;110503;108;57;161
ICA;PISCO;INDEPENDENCIA;110504;205;233;271
ICA;PISCO;PARACAS;110505;182;212;295
ICA;PISCO;SAN ANDRES;110506;851;793;1150
ICA;PISCO;SAN CLEMENTE;110507;533;716;695
ICA;PISCO;TUPAC AMARU INCA;110508;458;540;732
JUNIN;HUANCAYO;HUANCAYO;120101;3617;5094;6251
JUNIN;HUANCAYO;CARHUACALLANGA;120104;1;1;
JUNIN;HUANCAYO;CHACAPAMPA;120105;3;1;4
JUNIN;HUANCAYO;CHICCHE;120106;5;;3
JUNIN;HUANCAYO;CHILCA;120107;2527;3049;4282
JUNIN;HUANCAYO;CHONGOS ALTO;120108;13;34;50
JUNIN;HUANCAYO;CHUPURO;120111;22;7;19
JUNIN;HUANCAYO;COLCA;120112;4;3;1
JUNIN;HUANCAYO;CULLHUAS;120113;6;2;13
JUNIN;HUANCAYO;EL TAMBO;120114;3892;4761;5833
JUNIN;HUANCAYO;HUACRAPUQUIO;120116;12;;13
JUNIN;HUANCAYO;HUALHUAS;120117;108;64;83
JUNIN;HUANCAYO;HUANCAN;120119;91;67;99
JUNIN;HUANCAYO;HUASICANCHA;120120;2;3;6
JUNIN;HUANCAYO;HUAYUCACHI;120121;192;266;542
JUNIN;HUANCAYO;INGENIO;120122;7;18;8
JUNIN;HUANCAYO;PARIAHUANCA;120124;3;3;8
JUNIN;HUANCAYO;PILCOMAYO;120125;374;499;661
JUNIN;HUANCAYO;PUCARA;120126;10;8;18
JUNIN;HUANCAYO;QUICHUAY;120127;6;9;19
JUNIN;HUANCAYO;QUILCAS;120128;25;25;39
JUNIN;HUANCAYO;SAN AGUSTIN;120129;404;427;472
JUNIN;HUANCAYO;SAN JERONIMO DE TUNAN;120130;267;307;438
JUNIN;HUANCAYO;SAÑO;120132;36;32;37
JUNIN;HUANCAYO;SAPALLANGA;120133;361;492;759
JUNIN;HUANCAYO;SICAYA;120134;235;271;411
JUNIN;HUANCAYO;SANTO DOMINGO DE ACOBAMBA;120135;;;1
JUNIN;HUANCAYO;VIQUES;120136;28;5;19
JUNIN;CONCEPCION;CONCEPCION;120201;313;330;500
JUNIN;CONCEPCION;ACO;120202;10;3;13
JUNIN;CONCEPCION;ANDAMARCA;120203;2;1;3
JUNIN;CONCEPCION;CHAMBARA;120204;6;11;10
JUNIN;CONCEPCION;COCHAS;120205;4;2;2
JUNIN;CONCEPCION;COMAS;120206;20;11;21
JUNIN;CONCEPCION;HEROINAS TOLEDO;120207;6;2;3
JUNIN;CONCEPCION;MANZANARES;120208;3;6;5
JUNIN;CONCEPCION;MARISCAL CASTILLA;120209;3;2;5
JUNIN;CONCEPCION;MATAHUASI;120210;40;31;53
JUNIN;CONCEPCION;MITO;120211;10;15;16
JUNIN;CONCEPCION;NUEVE DE JULIO;120212;4;3;21
JUNIN;CONCEPCION;ORCOTUNA;120213;87;73;93
JUNIN;CONCEPCION;SAN JOSE DE QUERO;120214;18;10;21
JUNIN;CONCEPCION;SANTA ROSA DE OCOPA;120215;13;7;19
JUNIN;CHANCHAMAYO;CHANCHAMAYO;120301;1007;1131;1362
JUNIN;CHANCHAMAYO;PERENE;120302;234;969;901
JUNIN;CHANCHAMAYO;PICHANAQUI;120303;285;1084;1182
JUNIN;CHANCHAMAYO;SAN LUIS DE SHUARO;120304;1;43;120
JUNIN;CHANCHAMAYO;SAN RAMON;120305;786;807;956
JUNIN;CHANCHAMAYO;VITOC;120306;3;19;5
JUNIN;JAUJA;JAUJA;120401;363;511;915
JUNIN;JAUJA;ACOLLA;120402;85;114;136
JUNIN;JAUJA;APATA;120403;119;158;201
JUNIN;JAUJA;ATAURA;120404;10;11;25
JUNIN;JAUJA;CANCHAYLLO;120405;12;24;37
JUNIN;JAUJA;CURICACA;120406;3;9;8
JUNIN;JAUJA;EL MANTARO;120407;16;31;47
JUNIN;JAUJA;HUAMALI;120408;24;19;28
JUNIN;JAUJA;HUARIPAMPA;120409;3;3;3
JUNIN;JAUJA;HUERTAS;120410;15;11;30
JUNIN;JAUJA;JANJAILLO;120411;1;2;1
JUNIN;JAUJA;JULCAN;120412;2;4;9
JUNIN;JAUJA;LEONOR ORDOÑEZ;120413;;;3
JUNIN;JAUJA;LLOCLLAPAMPA;120414;4;5;4
JUNIN;JAUJA;MARCO;120415;7;7;12
JUNIN;JAUJA;MASMA;120416;13;10;18
JUNIN;JAUJA;MASMA CHICCHE;120417;3;4;9
JUNIN;JAUJA;MOLINOS;120418;12;11;9
JUNIN;JAUJA;MONOBAMBA;120419;1;;4
JUNIN;JAUJA;MUQUI;120420;;4;
JUNIN;JAUJA;MUQUIYAUYO;120421;6;4;7
JUNIN;JAUJA;PACA;120422;6;2;5
JUNIN;JAUJA;PACCHA;120423;7;3;7
JUNIN;JAUJA;PANCAN;120424;7;9;10
JUNIN;JAUJA;PARCO;120425;5;9;8
JUNIN;JAUJA;POMACANCHA;120426;4;9;11
JUNIN;JAUJA;RICRAN;120427;3;6;5
JUNIN;JAUJA;SAN LORENZO;120428;24;34;56
JUNIN;JAUJA;SAN PEDRO DE CHUNAN;120429;6;1;8
JUNIN;JAUJA;SAUSA;120430;32;37;41
JUNIN;JAUJA;SINCOS;120431;8;71;110
JUNIN;JAUJA;TUNAN MARCA;120432;4;9;4
JUNIN;JAUJA;YAULI;120433;13;9;15
JUNIN;JAUJA;YAUYOS;120434;74;93;127
JUNIN;JUNIN;JUNIN;120501;37;192;142
JUNIN;JUNIN;CARHUAMAYO;120502;68;82;131
JUNIN;JUNIN;ONDORES;120503;3;5;2
JUNIN;JUNIN;ULCUMAYO;120504;1;15;32
JUNIN;SATIPO;SATIPO;120601;317;1476;2227
JUNIN;SATIPO;COVIRIALI;120602;14;85;100
JUNIN;SATIPO;LLAYLLA;120603;;28;29
JUNIN;SATIPO;MAZAMARI;120604;3;598;898
JUNIN;SATIPO;PAMPA HERMOSA;120605;4;25;32
JUNIN;SATIPO;PANGOA;120606;423;1078;1267
JUNIN;SATIPO;RIO NEGRO;120607;66;277;339
JUNIN;SATIPO;RIO TAMBO;120608;2;56;73
JUNIN;TARMA;TARMA;120701;590;1001;982
JUNIN;TARMA;ACOBAMBA;120702;100;190;152
JUNIN;TARMA;HUARICOLCA;120703;6;10;3
JUNIN;TARMA;HUASAHUASI;120704;18;76;116
JUNIN;TARMA;LA UNION;120705;8;15;17
JUNIN;TARMA;PALCA;120706;2;74;94
JUNIN;TARMA;PALCAMAYO;120707;27;32;17
JUNIN;TARMA;SAN PEDRO DE CAJAS;120708;5;20;17
JUNIN;TARMA;TAPO;120709;;15;11
JUNIN;YAULI;LA OROYA;120801;352;434;600
JUNIN;YAULI;CHACAPALPA;120802;;3;1
JUNIN;YAULI;HUAY-HUAY;120803;7;3;2
JUNIN;YAULI;MARCAPOMACOCHA;120804;4;;2
JUNIN;YAULI;MOROCOCHA;120805;53;83;99
JUNIN;YAULI;PACCHA;120806;5;2;1
JUNIN;YAULI;SANTA BARBARA DE CARHUACAYAN;120807;2;1;4
JUNIN;YAULI;SANTA ROSA DE SACCO;120808;14;17;6
JUNIN;YAULI;SUITUCANCHA;120809;1;7;
JUNIN;YAULI;YAULI;120810;17;16;27
JUNIN;CHUPACA;CHUPACA;120901;791;994;1267
JUNIN;CHUPACA;AHUAC;120902;77;103;127
JUNIN;CHUPACA;CHONGOS BAJO;120903;74;70;69
JUNIN;CHUPACA;HUACHAC;120904;28;44;63
JUNIN;CHUPACA;HUAMANCACA CHICO;120905;104;138;225
JUNIN;CHUPACA;SAN JUAN DE YSCOS;120906;31;37;52
JUNIN;CHUPACA;SAN JUAN DE JARPA;120907;18;13;19
JUNIN;CHUPACA;TRES DE DICIEMBRE;120908;53;61;67
JUNIN;CHUPACA;YANACANCHA;120909;11;25;27
LA LIBERTAD;TRUJILLO;TRUJILLO;130101;9772;10401;12619
LA LIBERTAD;TRUJILLO;EL PORVENIR;130102;3166;3910;4781
LA LIBERTAD;TRUJILLO;FLORENCIA DE MORA;130103;1371;1335;1474
LA LIBERTAD;TRUJILLO;HUANCHACO;130104;1850;2122;2384
LA LIBERTAD;TRUJILLO;LA ESPERANZA;130105;3777;4229;4625
LA LIBERTAD;TRUJILLO;LAREDO;130106;614;870;971
LA LIBERTAD;TRUJILLO;MOCHE;130107;1072;1212;1360
LA LIBERTAD;TRUJILLO;POROTO;130108;52;54;56
LA LIBERTAD;TRUJILLO;SALAVERRY;130109;399;459;612
LA LIBERTAD;TRUJILLO;SIMBAL;130110;4;3;4
LA LIBERTAD;TRUJILLO;VICTOR LARCO HERRERA;130111;1864;1888;1676
LA LIBERTAD;ASCOPE;ASCOPE;130201;55;99;167
LA LIBERTAD;ASCOPE;CHICAMA;130202;175;202;388
LA LIBERTAD;ASCOPE;CHOCOPE;130203;120;228;257
LA LIBERTAD;ASCOPE;MAGDALENA DE CAO;130204;19;16;22
LA LIBERTAD;ASCOPE;PAIJAN;130205;552;653;621
LA LIBERTAD;ASCOPE;RAZURI;130206;146;232;255
LA LIBERTAD;ASCOPE;SANTIAGO DE CAO;130207;40;353;506
LA LIBERTAD;ASCOPE;CASA GRANDE;130208;616;673;735
LA LIBERTAD;BOLIVAR;BAMBAMARCA;130302;;1;
LA LIBERTAD;BOLIVAR;LONGOTEA;130304;;;1
LA LIBERTAD;BOLIVAR;UCHUMARCA;130305;;;1
LA LIBERTAD;CHEPEN;CHEPEN;130401;855;1249;1592
LA LIBERTAD;CHEPEN;PACANGA;130402;371;621;598
LA LIBERTAD;CHEPEN;PUEBLO NUEVO;130403;106;152;268
LA LIBERTAD;JULCAN;JULCAN;130501;119;97;84
LA LIBERTAD;JULCAN;CALAMARCA;130502;3;4;2
LA LIBERTAD;JULCAN;CARABAMBA;130503;6;1;3
LA LIBERTAD;JULCAN;HUASO;130504;;1;1
LA LIBERTAD;OTUZCO;OTUZCO;130601;272;382;467
LA LIBERTAD;OTUZCO;AGALLPAMPA;130602;26;4;41
LA LIBERTAD;OTUZCO;CHARAT;130604;2;2;1
LA LIBERTAD;OTUZCO;HUARANCHAL;130605;1;2;
LA LIBERTAD;OTUZCO;LA CUESTA;130606;;;1
LA LIBERTAD;OTUZCO;MACHE;130608;2;;22
LA LIBERTAD;OTUZCO;PARANDAY;130610;1;;
LA LIBERTAD;OTUZCO;SALPO;130611;2;7;7
LA LIBERTAD;OTUZCO;SINSICAP;130613;;4;7
LA LIBERTAD;OTUZCO;USQUIL;130614;5;4;9
LA LIBERTAD;PACASMAYO;SAN PEDRO DE LLOC;130701;288;290;335
LA LIBERTAD;PACASMAYO;GUADALUPE;130702;480;475;717
LA LIBERTAD;PACASMAYO;JEQUETEPEQUE;130703;64;62;83
LA LIBERTAD;PACASMAYO;PACASMAYO;130704;640;986;1235
LA LIBERTAD;PACASMAYO;SAN JOSE;130705;131;206;265
LA LIBERTAD;PATAZ;TAYABAMBA;130801;170;141;183
LA LIBERTAD;PATAZ;BULDIBUYO;130802;5;7;23
LA LIBERTAD;PATAZ;CHILLIA;130803;2;7;5
LA LIBERTAD;PATAZ;HUANCASPATA;130804;4;5;7
LA LIBERTAD;PATAZ;HUAYLILLAS;130805;3;5;12
LA LIBERTAD;PATAZ;HUAYO;130806;;2;5
LA LIBERTAD;PATAZ;ONGON;130807;;3;3
LA LIBERTAD;PATAZ;PARCOY;130808;80;72;167
LA LIBERTAD;PATAZ;PATAZ;130809;34;61;111
LA LIBERTAD;PATAZ;PIAS;130810;;3;2
LA LIBERTAD;PATAZ;SANTIAGO DE CHALLAS;130811;1;;1
LA LIBERTAD;PATAZ;TAURIJA;130812;;5;13
LA LIBERTAD;PATAZ;URPAY;130813;5;1;6
LA LIBERTAD;SANCHEZ CARRION;HUAMACHUCO;130901;136;543;873
LA LIBERTAD;SANCHEZ CARRION;CHUGAY;130902;2;6;9
LA LIBERTAD;SANCHEZ CARRION;COCHORCO;130903;3;5;3
LA LIBERTAD;SANCHEZ CARRION;CURGOS;130904;31;29;41
LA LIBERTAD;SANCHEZ CARRION;MARCABAL;130905;1;4;5
LA LIBERTAD;SANCHEZ CARRION;SANAGORAN;130906;3;5;9
LA LIBERTAD;SANCHEZ CARRION;SARIN;130907;6;16;33
LA LIBERTAD;SANCHEZ CARRION;SARTIMBAMBA;130908;2;2;6
LA LIBERTAD;SANTIAGO DE CHUCO;SANTIAGO DE CHUCO;131001;;3;88
LA LIBERTAD;SANTIAGO DE CHUCO;ANGASMARCA;131002;33;39;44
LA LIBERTAD;SANTIAGO DE CHUCO;CACHICADAN;131003;;;5
LA LIBERTAD;SANTIAGO DE CHUCO;MOLLEBAMBA;131004;2;8;5
LA LIBERTAD;SANTIAGO DE CHUCO;MOLLEPATA;131005;1;2;1
LA LIBERTAD;SANTIAGO DE CHUCO;QUIRUVILCA;131006;28;3;57
LA LIBERTAD;SANTIAGO DE CHUCO;SANTA CRUZ DE CHUCA;131007;;;1
LA LIBERTAD;SANTIAGO DE CHUCO;SITABAMBA;131008;;;1
LA LIBERTAD;GRAN CHIMU;CASCAS;131101;100;88;194
LA LIBERTAD;GRAN CHIMU;LUCMA;131102;;;2
LA LIBERTAD;GRAN CHIMU;COMPIN;131103;1;;5
LA LIBERTAD;GRAN CHIMU;SAYAPULLO;131104;1;2;4
LA LIBERTAD;VIRU;VIRU;131201;612;1075;1233
LA LIBERTAD;VIRU;CHAO;131202;511;593;817
LA LIBERTAD;VIRU;GUADALUPITO;131203;2;17;156
LAMBAYEQUE;CHICLAYO;CHICLAYO;140101;13005;16148;16030
LAMBAYEQUE;CHICLAYO;CHONGOYAPE;140102;497;636;740
LAMBAYEQUE;CHICLAYO;ETEN;140103;158;257;248
LAMBAYEQUE;CHICLAYO;ETEN PUERTO;140104;153;117;94
LAMBAYEQUE;CHICLAYO;JOSE LEONARDO ORTIZ;140105;7087;7848;6662
LAMBAYEQUE;CHICLAYO;LA VICTORIA;140106;1894;3006;3671
LAMBAYEQUE;CHICLAYO;LAGUNAS;140107;325;385;456
LAMBAYEQUE;CHICLAYO;MONSEFU;140108;791;891;869
LAMBAYEQUE;CHICLAYO;NUEVA ARICA;140109;2;;4
LAMBAYEQUE;CHICLAYO;OYOTUN;140110;93;209;213
LAMBAYEQUE;CHICLAYO;PICSI;140111;146;197;254
LAMBAYEQUE;CHICLAYO;PIMENTEL;140112;849;1184;1256
LAMBAYEQUE;CHICLAYO;REQUE;140113;537;532;491
LAMBAYEQUE;CHICLAYO;SANTA ROSA;140114;226;257;298
LAMBAYEQUE;CHICLAYO;SAÑA;140115;266;526;480
LAMBAYEQUE;CHICLAYO;CAYALTI;140116;386;499;617
LAMBAYEQUE;CHICLAYO;PATAPO;140117;641;864;873
LAMBAYEQUE;CHICLAYO;POMALCA;140118;1116;1272;1142
LAMBAYEQUE;CHICLAYO;PUCALA;140119;135;166;313
LAMBAYEQUE;CHICLAYO;TUMAN;140120;863;1120;972
LAMBAYEQUE;FERREÑAFE;FERREÑAFE;140201;1043;1247;1325
LAMBAYEQUE;FERREÑAFE;CAÑARIS;140202;2;2;3
LAMBAYEQUE;FERREÑAFE;INCAHUASI;140203;4;8;13
LAMBAYEQUE;FERREÑAFE;MANUEL ANTONIO MESONES MURO;140204;66;88;62
LAMBAYEQUE;FERREÑAFE;PITIPO;140205;204;186;196
LAMBAYEQUE;FERREÑAFE;PUEBLO NUEVO;140206;192;294;217
LAMBAYEQUE;LAMBAYEQUE;LAMBAYEQUE;140301;2383;2705;2813
LAMBAYEQUE;LAMBAYEQUE;CHOCHOPE;140302;1;;1
LAMBAYEQUE;LAMBAYEQUE;ILLIMO;140303;221;221;225
LAMBAYEQUE;LAMBAYEQUE;JAYANCA;140304;345;422;367
LAMBAYEQUE;LAMBAYEQUE;MOCHUMI;140305;293;312;338
LAMBAYEQUE;LAMBAYEQUE;MORROPE;140306;281;408;468
LAMBAYEQUE;LAMBAYEQUE;MOTUPE;140307;579;775;612
LAMBAYEQUE;LAMBAYEQUE;OLMOS;140308;563;749;607
LAMBAYEQUE;LAMBAYEQUE;PACORA;140309;142;196;208
LAMBAYEQUE;LAMBAYEQUE;SALAS;140310;64;158;141
LAMBAYEQUE;LAMBAYEQUE;SAN JOSE;140311;239;204;293
LAMBAYEQUE;LAMBAYEQUE;TUCUME;140312;248;413;314
LIMA;LIMA;LIMA;150101;19121;27252;26940
LIMA;LIMA;ANCON;150102;1428;1559;1707
LIMA;LIMA;ATE;150103;13153;15656;16746
LIMA;LIMA;BARRANCO;150104;3044;2915;2848
LIMA;LIMA;BREÑA;150105;4239;4402;4061
LIMA;LIMA;CARABAYLLO;150106;6481;7930;10232
LIMA;LIMA;CHACLACAYO;150107;1181;1614;1509
LIMA;LIMA;CHORRILLOS;150108;8608;8561;8227
LIMA;LIMA;CIENEGUILLA;150109;641;780;950
LIMA;LIMA;COMAS;150110;15006;15910;18843
LIMA;LIMA;EL AGUSTINO;150111;6912;9543;9136
LIMA;LIMA;INDEPENDENCIA;150112;9766;10625;10699
LIMA;LIMA;JESUS MARIA;150113;4279;5123;5064
LIMA;LIMA;LA MOLINA;150114;2828;2733;2298
LIMA;LIMA;LA VICTORIA;150115;10784;10096;9355
LIMA;LIMA;LINCE;150116;2210;2832;3518
LIMA;LIMA;LOS OLIVOS;150117;17256;16322;13474
LIMA;LIMA;LURIGANCHO - CHOSICA;150118;5077;5704;5823
LIMA;LIMA;LURIN;150119;2501;2397;2798
LIMA;LIMA;MAGDALENA DEL MAR;150120;2180;2595;3407
LIMA;LIMA;MAGDALENA VIEJA;150121;1439;4;66
LIMA;LIMA;MIRAFLORES;150122;3188;4146;4825
LIMA;LIMA;PACHACAMAC;150123;2279;3137;2992
LIMA;LIMA;PUCUSANA;150124;320;402;579
LIMA;LIMA;PUENTE PIEDRA;150125;8659;8873;8400
LIMA;LIMA;PUNTA HERMOSA;150126;487;468;496
LIMA;LIMA;PUNTA NEGRA;150127;184;320;265
LIMA;LIMA;RIMAC;150128;5888;6040;7124
LIMA;LIMA;SAN BARTOLO;150129;271;316;310
LIMA;LIMA;SAN BORJA;150130;4196;2869;2500
LIMA;LIMA;SAN ISIDRO;150131;3152;4044;3678
LIMA;LIMA;SAN JUAN DE LURIGANCHO;150132;20300;29839;31875
LIMA;LIMA;SAN JUAN DE MIRAFLORES;150133;8625;9909;9704
LIMA;LIMA;SAN LUIS;150134;2857;3272;2892
LIMA;LIMA;SAN MARTIN DE PORRES;150135;20567;17284;15890
LIMA;LIMA;SAN MIGUEL;150136;2932;3529;4282
LIMA;LIMA;SANTA ANITA;150137;5389;7789;7994
LIMA;LIMA;SANTA MARIA DEL MAR;150138;10;31;35
LIMA;LIMA;SANTA ROSA;150139;351;437;625
LIMA;LIMA;SANTIAGO DE SURCO;150140;10901;13542;13376
LIMA;LIMA;SURQUILLO;150141;2377;3448;2708
LIMA;LIMA;VILLA EL SALVADOR;150142;8851;10176;11492
LIMA;LIMA;VILLA MARIA DEL TRIUNFO;150143;11283;13637;15474
LIMA;LIMA;PUEBLO LIBRE;150144;950;2985;3390
LIMA;BARRANCA;BARRANCA;150201;2033;2390;2420
LIMA;BARRANCA;PARAMONGA;150202;465;431;594
LIMA;BARRANCA;PATIVILCA;150203;341;435;561
LIMA;BARRANCA;SUPE;150204;329;547;453
LIMA;BARRANCA;SUPE PUERTO;150205;227;350;294
LIMA;CAJATAMBO;CAJATAMBO;150301;;;1
LIMA;CAJATAMBO;HUANCAPON;150304;;;1
LIMA;CANTA;CANTA;150401;19;18;55
LIMA;CANTA;ARAHUAY;150402;;7;3
LIMA;CANTA;HUAMANTANGA;150403;;3;5
LIMA;CANTA;HUAROS;150404;2;1;6
LIMA;CANTA;LACHAQUI;150405;;;6
LIMA;CANTA;SAN BUENAVENTURA;150406;;1;1
LIMA;CANTA;SANTA ROSA DE QUIVES;150407;6;129;176
LIMA;CAÑETE;SAN VICENTE DE CAÑETE;150501;1864;2178;3036
LIMA;CAÑETE;ASIA;150502;230;299;346
LIMA;CAÑETE;CALANGO;150503;58;40;53
LIMA;CAÑETE;CERRO AZUL;150504;223;276;441
LIMA;CAÑETE;CHILCA;150505;709;989;991
LIMA;CAÑETE;COAYLLO;150506;20;29;34
LIMA;CAÑETE;IMPERIAL;150507;1537;1667;1717
LIMA;CAÑETE;LUNAHUANA;150508;80;141;116
LIMA;CAÑETE;MALA;150509;1117;1174;1278
LIMA;CAÑETE;NUEVO IMPERIAL;150510;296;601;753
LIMA;CAÑETE;PACARAN;150511;1;27;60
LIMA;CAÑETE;QUILMANA;150512;412;278;425
LIMA;CAÑETE;SAN ANTONIO;150513;194;217;214
LIMA;CAÑETE;SAN LUIS;150514;208;319;311
LIMA;CAÑETE;SANTA CRUZ DE FLORES;150515;46;53;69
LIMA;CAÑETE;ZUÑIGA;150516;1;5;15
LIMA;HUARAL;HUARAL;150601;1205;1611;1255
LIMA;HUARAL;ATAVILLOS ALTO;150602;1;;
LIMA;HUARAL;ATAVILLOS BAJO;150603;;1;
LIMA;HUARAL;AUCALLAMA;150604;7;4;20
LIMA;HUARAL;CHANCAY;150605;1247;1420;1376
LIMA;HUARAL;IHUARI;150606;;4;6
LIMA;HUARAL;LAMPIAN;150607;1;;
LIMA;HUARAL;PACARAOS;150608;;;1
LIMA;HUARAL;SAN MIGUEL DE ACOS;150609;;1;
LIMA;HUAROCHIRI;MATUCANA;150701;135;183;142
LIMA;HUAROCHIRI;ANTIOQUIA;150702;4;3;3
LIMA;HUAROCHIRI;CALLAHUANCA;150703;3;11;9
LIMA;HUAROCHIRI;CARAMPOMA;150704;3;7;6
LIMA;HUAROCHIRI;CHICLA;150705;12;59;75
LIMA;HUAROCHIRI;CUENCA;150706;1;;
LIMA;HUAROCHIRI;HUACHUPAMPA;150707;1;3;3
LIMA;HUAROCHIRI;HUANZA;150708;5;7;4
LIMA;HUAROCHIRI;HUAROCHIRI;150709;29;27;40
LIMA;HUAROCHIRI;LAHUAYTAMBO;150710;1;;
LIMA;HUAROCHIRI;LANGA;150711;;3;1
LIMA;HUAROCHIRI;LARAOS;150712;6;3;7
LIMA;HUAROCHIRI;MARIATANA;150713;;3;4
LIMA;HUAROCHIRI;RICARDO PALMA;150714;350;336;367
LIMA;HUAROCHIRI;SAN ANDRES DE TUPICOCHA;150715;;;2
LIMA;HUAROCHIRI;SAN ANTONIO;150716;153;188;291
LIMA;HUAROCHIRI;SAN BARTOLOME;150717;6;7;15
LIMA;HUAROCHIRI;SAN DAMIAN;150718;;3;
LIMA;HUAROCHIRI;SAN JUAN DE IRIS;150719;;1;
LIMA;HUAROCHIRI;SAN JUAN DE TANTARANCHE;150720;;1;
LIMA;HUAROCHIRI;SAN LORENZO DE QUINTI;150721;1;1;2
LIMA;HUAROCHIRI;SAN MATEO;150722;112;137;150
LIMA;HUAROCHIRI;SAN MATEO DE OTAO;150723;6;5;18
LIMA;HUAROCHIRI;SAN PEDRO DE CASTA;150724;6;9;4
LIMA;HUAROCHIRI;SANGALLAYA;150726;1;1;3
LIMA;HUAROCHIRI;SANTA CRUZ DE COCACHACRA;150727;9;20;48
LIMA;HUAROCHIRI;SANTA EULALIA;150728;405;537;498
LIMA;HUAROCHIRI;SANTIAGO DE ANCHUCAYA;150729;6;5;5
LIMA;HUAROCHIRI;SANTIAGO DE TUNA;150730;;3;2
LIMA;HUAROCHIRI;SANTO DOMINGO DE LOS OLLEROS;150731;4;19;16
LIMA;HUAROCHIRI;SURCO;150732;20;31;37
LIMA;HUAURA;HUACHO;150801;1511;2590;2699
LIMA;HUAURA;AMBAR;150802;;1;19
LIMA;HUAURA;CALETA DE CARQUIN;150803;16;59;93
LIMA;HUAURA;CHECRAS;150804;6;11;8
LIMA;HUAURA;HUALMAY;150805;520;592;698
LIMA;HUAURA;HUAURA;150806;729;1004;881
LIMA;HUAURA;LEONCIO PRADO;150807;;6;15
LIMA;HUAURA;PACCHO;150808;4;7;21
LIMA;HUAURA;SANTA LEONOR;150809;14;15;6
LIMA;HUAURA;SANTA MARIA;150810;1015;1082;907
LIMA;HUAURA;SAYAN;150811;182;489;589
LIMA;HUAURA;VEGUETA;150812;6;406;572
LIMA;OYON;OYON;150901;85;195;305
LIMA;OYON;ANDAJES;150902;6;13;5
LIMA;OYON;CAUJUL;150903;;2;1
LIMA;OYON;COCHAMARCA;150904;1;12;2
LIMA;OYON;NAVAN;150905;3;5;3
LIMA;OYON;PACHANGARA;150906;57;137;96
LIMA;YAUYOS;YAUYOS;151001;8;58;47
LIMA;YAUYOS;ALIS;151002;;1;6
LIMA;YAUYOS;AYAUCA;151003;3;19;42
LIMA;YAUYOS;AYAVIRI;151004;;;1
LIMA;YAUYOS;AZANGARO;151005;;3;2
LIMA;YAUYOS;CACRA;151006;3;;3
LIMA;YAUYOS;CARANIA;151007;;1;6
LIMA;YAUYOS;CATAHUASI;151008;12;18;34
LIMA;YAUYOS;CHOCOS;151009;;7;10
LIMA;YAUYOS;COLONIA;151011;;7;20
LIMA;YAUYOS;HONGOS;151012;2;;2
LIMA;YAUYOS;HUANCAYA;151014;;2;9
LIMA;YAUYOS;HUANGASCAR;151015;1;12;14
LIMA;YAUYOS;HUANTAN;151016;1;3;5
LIMA;YAUYOS;HUAÑEC;151017;1;;
LIMA;YAUYOS;LARAOS;151018;1;2;4
LIMA;YAUYOS;LINCHA;151019;1;5;3
LIMA;YAUYOS;MADEAN;151020;1;3;4
LIMA;YAUYOS;MIRAFLORES;151021;;;4
LIMA;YAUYOS;OMAS;151022;;;1
LIMA;YAUYOS;PUTINZA;151023;1;9;5
LIMA;YAUYOS;QUINOCAY;151025;1;1;3
LIMA;YAUYOS;SAN PEDRO DE PILAS;151027;;1;2
LIMA;YAUYOS;TANTA;151028;;2;
LIMA;YAUYOS;TAURIPAMPA;151029;;5;1
LIMA;YAUYOS;TOMAS;151030;;1;3
LIMA;YAUYOS;TUPE;151031;3;11;8
LIMA;YAUYOS;VIÑAC;151032;3;12;16
LIMA;YAUYOS;VITIS;151033;;1;2
LORETO;MAYNAS;IQUITOS;160101;2690;4124;5048
LORETO;MAYNAS;ALTO NANAY;160102;;2;2
LORETO;MAYNAS;FERNANDO LORES;160103;2;9;3
LORETO;MAYNAS;INDIANA;160104;;1;
LORETO;MAYNAS;LAS AMAZONAS;160105;2;6;3
LORETO;MAYNAS;MAZAN;160106;29;51;78
LORETO;MAYNAS;NAPO;160107;;2;6
LORETO;MAYNAS;PUNCHANA;160108;1039;1696;1867
LORETO;MAYNAS;PUTUMAYO;160109;;2;1
LORETO;MAYNAS;TORRES CAUSANA;160110;1;2;
LORETO;MAYNAS;BELEN;160112;831;1355;1304
LORETO;MAYNAS;SAN JUAN BAUTISTA;160113;1421;1935;2096
LORETO;MAYNAS;TENIENTE MANUEL CLAVERO;160114;1;2;1
LORETO;ALTO AMAZONAS;YURIMAGUAS;160201;237;1418;1734
LORETO;ALTO AMAZONAS;BALSAPUERTO;160202;1;7;8
LORETO;ALTO AMAZONAS;JEBEROS;160205;1;1;4
LORETO;ALTO AMAZONAS;LAGUNAS;160206;;1;2
LORETO;ALTO AMAZONAS;SANTA CRUZ;160210;1;3;3
LORETO;ALTO AMAZONAS;TENIENTE CESAR LOPEZ ROJAS;160211;1;6;3
LORETO;LORETO;NAUTA;160301;133;235;493
LORETO;LORETO;PARINARI;160302;;1;1
LORETO;LORETO;TIGRE;160303;1;;
LORETO;LORETO;TROMPETEROS;160304;1;2;1
LORETO;LORETO;URARINAS;160305;6;3;4
LORETO;MARISCAL RAMON CASTILLA;RAMON CASTILLA;160401;2;88;187
LORETO;MARISCAL RAMON CASTILLA;PEBAS;160402;40;42;26
LORETO;MARISCAL RAMON CASTILLA;YAVARI;160403;;1;
LORETO;MARISCAL RAMON CASTILLA;SAN PABLO;160404;;28;10
LORETO;REQUENA;REQUENA;160501;208;194;190
LORETO;REQUENA;ALTO TAPICHE;160502;;1;
LORETO;REQUENA;CAPELO;160503;;1;1
LORETO;REQUENA;MAQUIA;160505;;1;1
LORETO;REQUENA;PUINAHUA;160506;1;3;3
LORETO;REQUENA;SOPLIN;160508;;;1
LORETO;REQUENA;TAPICHE;160509;;1;
LORETO;REQUENA;JENARO HERRERA;160510;;4;
LORETO;UCAYALI;CONTAMANA;160601;18;78;198
LORETO;UCAYALI;PADRE MARQUEZ;160603;;;3
LORETO;UCAYALI;PAMPA HERMOSA;160604;;1;
LORETO;UCAYALI;SARAYACU;160605;1;;2
LORETO;UCAYALI;VARGAS GUERRA;160606;;1;21
LORETO;DATEM DEL MARAÑON;BARRANCA;160701;;;1
LORETO;DATEM DEL MARAÑON;MORONA;160704;1;1;
LORETO;DATEM DEL MARAÑON;ANDOAS;160706;;;3
MADRE DE DIO;TAMBOPATA;TAMBOPATA;170101;1483;;
MADRE DE DIOS;TAMBOPATA;TAMBOPATA;170101;;4946;4586
MADRE DE DIO;TAMBOPATA;INAMBARI;170102;54;;
MADRE DE DIOS;TAMBOPATA;INAMBARI;170102;;404;554
MADRE DE DIO;TAMBOPATA;LAS PIEDRAS;170103;5;;
MADRE DE DIOS;TAMBOPATA;LAS PIEDRAS;170103;;67;100
MADRE DE DIO;TAMBOPATA;LABERINTO;170104;3;;
MADRE DE DIOS;TAMBOPATA;LABERINTO;170104;;157;210
MADRE DE DIOS;MANU;MANU;170201;;3;14
MADRE DE DIO;MANU;MADRE DE DIOS;170203;15;;
MADRE DE DIOS;MANU;MADRE DE DIOS;170203;;86;93
MADRE DE DIO;MANU;HUEPETUHE;170204;70;;
MADRE DE DIOS;MANU;HUEPETUHE;170204;;180;117
MADRE DE DIOS;TAHUAMANU;IÑAPARI;170301;;8;1
MADRE DE DIOS;TAHUAMANU;IBERIA;170302;;41;8
MADRE DE DIO;TAHUAMANU;TAHUAMANU;170303;1;;
MADRE DE DIOS;TAHUAMANU;TAHUAMANU;170303;;8;
MOQUEGUA;MARISCAL NIETO;MOQUEGUA;180101;2635;2662;3120
MOQUEGUA;MARISCAL NIETO;CARUMAS;180102;;;6
MOQUEGUA;MARISCAL NIETO;SAMEGUA;180104;148;219;248
MOQUEGUA;MARISCAL NIETO;SAN CRISTOBAL;180105;;2;6
MOQUEGUA;MARISCAL NIETO;TORATA;180106;24;20;14
MOQUEGUA;GENERAL SANCHEZ CERRO;OMATE;180201;1;137;113
MOQUEGUA;GENERAL SANCHEZ CERRO;CHOJATA;180202;;;1
MOQUEGUA;GENERAL SANCHEZ CERRO;COALAQUE;180203;;3;10
MOQUEGUA;GENERAL SANCHEZ CERRO;ICHUÑA;180204;;;1
MOQUEGUA;GENERAL SANCHEZ CERRO;PUQUINA;180208;;;1
MOQUEGUA;GENERAL SANCHEZ CERRO;QUINISTAQUILLAS;180209;;;5
MOQUEGUA;GENERAL SANCHEZ CERRO;UBINAS;180210;;1;
MOQUEGUA;ILO;ILO;180301;1342;1794;2134
MOQUEGUA;ILO;EL ALGARROBAL;180302;3;2;3
MOQUEGUA;ILO;PACOCHA;180303;94;107;234
PASCO;PASCO;CHAUPIMARCA;190101;8;702;534
PASCO;PASCO;HUACHON;190102;5;26;40
PASCO;PASCO;HUARIACA;190103;17;116;167
PASCO;PASCO;HUAYLLAY;190104;5;84;97
PASCO;PASCO;NINACACA;190105;;24;29
PASCO;PASCO;PALLANCHACRA;190106;1;8;8
PASCO;PASCO;PAUCARTAMBO;190107;1;127;263
PASCO;PASCO;SAN FRANCISCO DE ASIS DE YARUSYACAN;190108;1;19;49
PASCO;PASCO;SIMON BOLIVAR;190109;;84;77
PASCO;PASCO;TICLACAYAN;190110;10;37;60
PASCO;PASCO;TINYAHUARCO;190111;3;101;145
PASCO;PASCO;VICCO;190112;2;106;122
PASCO;PASCO;YANACANCHA;190113;60;716;811
PASCO;DANIEL ALCIDES CARRION;YANAHUANCA;190201;;248;265
PASCO;DANIEL ALCIDES CARRION;CHACAYAN;190202;1;1;15
PASCO;DANIEL ALCIDES CARRION;GOYLLARISQUIZGA;190203;;13;2
PASCO;DANIEL ALCIDES CARRION;PAUCAR;190204;;27;27
PASCO;DANIEL ALCIDES CARRION;SAN PEDRO DE PILLAO;190205;;13;13
PASCO;DANIEL ALCIDES CARRION;SANTA ANA DE TUSI;190206;4;54;33
PASCO;DANIEL ALCIDES CARRION;TAPUC;190207;;27;12
PASCO;DANIEL ALCIDES CARRION;VILCABAMBA;190208;;4;19
PASCO;OXAPAMPA;OXAPAMPA;190301;816;691;694
PASCO;OXAPAMPA;CHONTABAMBA;190302;112;72;71
PASCO;OXAPAMPA;HUANCABAMBA;190303;3;13;73
PASCO;OXAPAMPA;PALCAZU;190304;1;32;56
PASCO;OXAPAMPA;POZUZO;190305;1;18;79
PASCO;OXAPAMPA;PUERTO BERMUDEZ;190306;;76;358
PASCO;OXAPAMPA;VILLA RICA;190307;307;359;383
PASCO;OXAPAMPA;CONSTITUCION;190308;;;39
PIURA;PIURA;PIURA;200101;9473;8272;10223
PIURA;PIURA;CASTILLA;200104;1606;3631;5914
PIURA;PIURA;CATACAOS;200105;1465;1503;2152
PIURA;PIURA;CURA MORI;200107;43;218;241
PIURA;PIURA;EL TALLAN;200108;8;9;5
PIURA;PIURA;LA ARENA;200109;517;441;567
PIURA;PIURA;LA UNION;200110;406;738;826
PIURA;PIURA;LAS LOMAS;200111;7;192;363
PIURA;PIURA;TAMBO GRANDE;200114;115;904;794
PIURA;PIURA;26 DE OCTUBRE;200115;2471;4086;5489
PIURA;AYABACA;AYABACA;200201;17;172;260
PIURA;AYABACA;FRIAS;200202;5;76;93
PIURA;AYABACA;JILILI;200203;1;24;6
PIURA;AYABACA;LAGUNAS;200204;;1;2
PIURA;AYABACA;MONTERO;200205;;1;1
PIURA;AYABACA;PACAIPAMPA;200206;;63;75
PIURA;AYABACA;PAIMAS;200207;5;38;112
PIURA;AYABACA;SAPILLICA;200208;;1;1
PIURA;AYABACA;SICCHEZ;200209;2;16;31
PIURA;AYABACA;SUYO;200210;9;181;180
PIURA;HUANCABAMBA;HUANCABAMBA;200301;62;367;524
PIURA;HUANCABAMBA;CANCHAQUE;200302;44;40;89
PIURA;HUANCABAMBA;EL CARMEN DE LA FRONTERA;200303;3;43;87
PIURA;HUANCABAMBA;HUARMACA;200304;6;30;44
PIURA;HUANCABAMBA;LALAQUIZ;200305;3;1;7
PIURA;HUANCABAMBA;SAN MIGUEL DE EL FAIQUE;200306;;38;87
PIURA;HUANCABAMBA;SONDOR;200307;;1;2
PIURA;HUANCABAMBA;SONDORILLO;200308;1;38;55
PIURA;MORROPON;CHULUCANAS;200401;1083;1410;1809
PIURA;MORROPON;BUENOS AIRES;200402;77;136;115
PIURA;MORROPON;CHALACO;200403;2;1;2
PIURA;MORROPON;LA MATANZA;200404;2;87;133
PIURA;MORROPON;MORROPON;200405;12;102;242
PIURA;MORROPON;SALITRAL;200406;2;40;95
PIURA;MORROPON;SAN JUAN DE BIGOTE;200407;6;45;64
PIURA;MORROPON;SANTA CATALINA DE MOSSA;200408;1;9;19
PIURA;MORROPON;SANTO DOMINGO;200409;1;43;21
PIURA;MORROPON;YAMANGO;200410;6;27;22
PIURA;PAITA;PAITA;200501;997;1726;1686
PIURA;PAITA;AMOTAPE;200502;20;42;23
PIURA;PAITA;ARENAL;200503;;2;2
PIURA;PAITA;COLAN;200504;21;178;171
PIURA;PAITA;LA HUACA;200505;;2;2
PIURA;PAITA;TAMARINDO;200506;3;43;89
PIURA;PAITA;VICHAYAL;200507;5;15;8
PIURA;SULLANA;SULLANA;200601;2229;4300;4268
PIURA;SULLANA;BELLAVISTA;200602;1342;1536;1722
PIURA;SULLANA;IGNACIO ESCUDERO;200603;198;467;199
PIURA;SULLANA;LANCONES;200604;5;7;71
PIURA;SULLANA;MARCAVELICA;200605;439;448;383
PIURA;SULLANA;MIGUEL CHECA;200606;11;103;149
PIURA;SULLANA;QUERECOTILLO;200607;37;463;568
PIURA;SULLANA;SALITRAL;200608;2;1;7
PIURA;TALARA;PARIÑAS;200701;2390;3011;2976
PIURA;TALARA;EL ALTO;200702;333;310;310
PIURA;TALARA;LA BREA;200703;108;148;187
PIURA;TALARA;LOBITOS;200704;9;8;
PIURA;TALARA;LOS ORGANOS;200705;100;192;197
PIURA;TALARA;MANCORA;200706;315;330;366
PIURA;SECHURA;SECHURA;200801;207;550;606
PIURA;SECHURA;BELLAVISTA DE LA UNION;200802;2;20;23
PIURA;SECHURA;BERNAL;200803;139;159;156
PIURA;SECHURA;CRISTO NOS VALGA;200804;31;56;53
PIURA;SECHURA;VICE;200805;2;43;86
PIURA;SECHURA;RINCONADA LLICUAR;200806;;1;1
PUNO;PUNO;PUNO;210101;2971;3490;3846
PUNO;PUNO;ACORA;210102;7;48;215
PUNO;PUNO;AMANTANI;210103;;3;5
PUNO;PUNO;ATUNCOLLA;210104;;;35
PUNO;PUNO;CAPACHICA;210105;;24;71
PUNO;PUNO;CHUCUITO;210106;2;14;107
PUNO;PUNO;COATA;210107;;10;23
PUNO;PUNO;HUATA;210108;;8;34
PUNO;PUNO;MAÑAZO;210109;16;56;107
PUNO;PUNO;PAUCARCOLLA;210110;;6;89
PUNO;PUNO;PICHACANI;210111;8;40;86
PUNO;PUNO;PLATERIA;210112;;25;92
PUNO;PUNO;SAN ANTONIO;210113;;2;1
PUNO;PUNO;TIQUILLACA;210114;1;22;20
PUNO;PUNO;VILQUE;210115;4;18;21
PUNO;AZANGARO;AZANGARO;210201;;63;414
PUNO;AZANGARO;ACHAYA;210202;;;3
PUNO;AZANGARO;ARAPA;210203;;;28
PUNO;AZANGARO;ASILLO;210204;;12;117
PUNO;AZANGARO;CAMINACA;210205;;;7
PUNO;AZANGARO;CHUPA;210206;1;;13
PUNO;AZANGARO;JOSE DOMINGO CHOQUEHUANCA;210207;;;48
PUNO;AZANGARO;MUÑANI;210208;;1;23
PUNO;AZANGARO;POTONI;210209;;;8
PUNO;AZANGARO;SAMAN;210210;;;1
PUNO;AZANGARO;SAN ANTON;210211;;;48
PUNO;AZANGARO;SAN JOSE;210212;;3;10
PUNO;AZANGARO;SAN JUAN DE SALINAS;210213;;3;12
PUNO;AZANGARO;SANTIAGO DE PUPUJA;210214;;;15
PUNO;AZANGARO;TIRAPATA;210215;;;8
PUNO;CARABAYA;MACUSANI;210301;1;2;2
PUNO;CARABAYA;AJOYANI;210302;;;1
PUNO;CARABAYA;CRUCERO;210306;1;;3
PUNO;CHUCUITO;JULI;210401;143;182;337
PUNO;CHUCUITO;DESAGUADERO;210402;46;74;241
PUNO;CHUCUITO;HUACULLANI;210403;;18;36
PUNO;CHUCUITO;KELLUYO;210404;1;1;4
PUNO;CHUCUITO;PISACOMA;210405;;;5
PUNO;CHUCUITO;POMATA;210406;33;84;97
PUNO;CHUCUITO;ZEPITA;210407;;55;195
PUNO;EL COLLAO;ILAVE;210501;387;582;543
PUNO;EL COLLAO;CAPAZO;210502;;3;
PUNO;EL COLLAO;PILCUYO;210503;19;64;88
PUNO;EL COLLAO;SANTA ROSA;210504;;;3
PUNO;EL COLLAO;CONDURIRI;210505;2;;
PUNO;HUANCANE;HUANCANE;210601;1;2;82
PUNO;HUANCANE;COJATA;210602;;;2
PUNO;HUANCANE;HUATASANI;210603;;;3
PUNO;HUANCANE;INCHUPALLA;210604;;;2
PUNO;HUANCANE;PUSI;210605;5;18;61
PUNO;HUANCANE;ROSASPATA;210606;;;1
PUNO;HUANCANE;TARACO;210607;;2;47
PUNO;HUANCANE;VILQUE CHICO;210608;;1;14
PUNO;LAMPA;LAMPA;210701;19;112;118
PUNO;LAMPA;CABANILLA;210702;;1;21
PUNO;LAMPA;CALAPUJA;210703;;4;6
PUNO;LAMPA;NICASIO;210704;;4;8
PUNO;LAMPA;OCUVIRI;210705;;3;16
PUNO;LAMPA;PALCA;210706;;3;3
PUNO;LAMPA;PARATIA;210707;;1;4
PUNO;LAMPA;PUCARA;210708;;33;94
PUNO;LAMPA;SANTA LUCIA;210709;1;22;35
PUNO;LAMPA;VILAVILA;210710;1;1;
PUNO;MELGAR;AYAVIRI;210801;1;64;425
PUNO;MELGAR;CUPI;210803;;3;4
PUNO;MELGAR;LLALLI;210804;;2;13
PUNO;MELGAR;MACARI;210805;;1;14
PUNO;MELGAR;NUÑOA;210806;;7;42
PUNO;MELGAR;ORURILLO;210807;;28;60
PUNO;MELGAR;SANTA ROSA;210808;;;73
PUNO;MELGAR;UMACHIRI;210809;;4;18
PUNO;MOHO;MOHO;210901;1;9;26
PUNO;MOHO;CONIMA;210902;;1;10
PUNO;MOHO;HUAYRAPATA;210903;;1;
PUNO;MOHO;TILALI;210904;;1;6
PUNO;SAN ANTONIO DE PUTINA;PUTINA;211001;;95;179
PUNO;SAN ANTONIO DE PUTINA;ANANEA;211002;2;36;133
PUNO;SAN ANTONIO DE PUTINA;PEDRO VILCA APAZA;211003;;2;2
PUNO;SAN ANTONIO DE PUTINA;QUILCAPUNCU;211004;;4;26
PUNO;SAN ANTONIO DE PUTINA;SINA;211005;;1;
PUNO;SAN ROMAN;JULIACA;211101;2227;3945;6343
PUNO;SAN ROMAN;CABANA;211102;;25;50
PUNO;SAN ROMAN;CABANILLAS;211103;;42;92
PUNO;SAN ROMAN;CARACOTO;211104;;18;82
PUNO;SANDIA;SANDIA;211201;;39;217
PUNO;SANDIA;CUYOCUYO;211202;;3;13
PUNO;SANDIA;PATAMBUCO;211204;;;3
PUNO;SANDIA;PHARA;211205;;;1
PUNO;SANDIA;QUIACA;211206;;;1
PUNO;SANDIA;SAN JUAN DEL ORO;211207;;;6
PUNO;SANDIA;YANAHUAYA;211208;;;1
PUNO;SANDIA;ALTO INAMBARI;211209;;7;8
PUNO;SANDIA;SAN PEDRO DE PUTINA PUNCO;211210;;1;6
PUNO;YUNGUYO;YUNGUYO;211301;189;183;271
PUNO;YUNGUYO;ANAPIA;211302;;;2
PUNO;YUNGUYO;COPANI;211303;1;7;55
PUNO;YUNGUYO;CUTURAPI;211304;;1;20
PUNO;YUNGUYO;OLLARAYA;211305;;2;11
PUNO;YUNGUYO;TINICACHI;211306;;;6
PUNO;YUNGUYO;UNICACHI;211307;;3;17
SAN MARTIN;MOYOBAMBA;MOYOBAMBA;220101;475;2219;2100
SAN MARTIN;MOYOBAMBA;CALZADA;220102;12;93;103
SAN MARTIN;MOYOBAMBA;HABANA;220103;5;17;24
SAN MARTIN;MOYOBAMBA;JEPELACIO;220104;2;18;25
SAN MARTIN;MOYOBAMBA;SORITOR;220105;143;588;642
SAN MARTIN;MOYOBAMBA;YANTALO;220106;11;25;35
SAN MARTIN;BELLAVISTA;BELLAVISTA;220201;106;288;436
SAN MARTIN;BELLAVISTA;ALTO BIAVO;220202;;4;19
SAN MARTIN;BELLAVISTA;BAJO BIAVO;220203;5;9;50
SAN MARTIN;BELLAVISTA;HUALLAGA;220204;1;5;5
SAN MARTIN;BELLAVISTA;SAN PABLO;220205;3;27;112
SAN MARTIN;BELLAVISTA;SAN RAFAEL;220206;11;36;38
SAN MARTIN;EL DORADO;SAN JOSE DE SISA;220301;;4;111
SAN MARTIN;EL DORADO;AGUA BLANCA;220302;;;3
SAN MARTIN;EL DORADO;SANTA ROSA;220304;;2;8
SAN MARTIN;EL DORADO;SHATOJA;220305;;;2
SAN MARTIN;HUALLAGA;SAPOSOA;220401;66;352;355
SAN MARTIN;HUALLAGA;ALTO SAPOSOA;220402;1;16;32
SAN MARTIN;HUALLAGA;EL ESLABON;220403;1;15;24
SAN MARTIN;HUALLAGA;PISCOYACU;220404;8;33;57
SAN MARTIN;HUALLAGA;SACANCHE;220405;1;13;47
SAN MARTIN;HUALLAGA;TINGO DE SAPOSOA;220406;;5;4
SAN MARTIN;LAMAS;LAMAS;220501;;299;280
SAN MARTIN;LAMAS;ALONSO DE ALVARADO;220502;;61;59
SAN MARTIN;LAMAS;BARRANQUITA;220503;;;2
SAN MARTIN;LAMAS;CAYNARACHI;220504;1;1;4
SAN MARTIN;LAMAS;CUÑUMBUQUI;220505;;15;31
SAN MARTIN;LAMAS;PINTO RECODO;220506;3;7;14
SAN MARTIN;LAMAS;RUMISAPA;220507;;12;25
SAN MARTIN;LAMAS;SAN ROQUE DE CUMBAZA;220508;;6;6
SAN MARTIN;LAMAS;SHANAO;220509;;2;7
SAN MARTIN;LAMAS;TABALOSOS;220510;;44;168
SAN MARTIN;LAMAS;ZAPATERO;220511;;23;24
SAN MARTIN;MARISCAL CACERES;JUANJUI;220601;86;539;850
SAN MARTIN;MARISCAL CACERES;CAMPANILLA;220602;;5;13
SAN MARTIN;MARISCAL CACERES;HUICUNGO;220603;2;16;20
SAN MARTIN;MARISCAL CACERES;PACHIZA;220604;6;15;16
SAN MARTIN;MARISCAL CACERES;PAJARILLO;220605;1;48;50
SAN MARTIN;PICOTA;PICOTA;220701;1;107;260
SAN MARTIN;PICOTA;BUENOS AIRES;220702;;7;19
SAN MARTIN;PICOTA;CASPISAPA;220703;3;15;25
SAN MARTIN;PICOTA;PILLUANA;220704;;3;4
SAN MARTIN;PICOTA;PUCACACA;220705;;15;37
SAN MARTIN;PICOTA;SAN CRISTOBAL;220706;2;6;7
SAN MARTIN;PICOTA;SAN HILARION;220707;20;72;48
SAN MARTIN;PICOTA;SHAMBOYACU;220708;;10;27
SAN MARTIN;PICOTA;TINGO DE PONASA;220709;;5;26
SAN MARTIN;PICOTA;TRES UNIDOS;220710;;6;5
SAN MARTIN;RIOJA;RIOJA;220801;228;894;827
SAN MARTIN;RIOJA;AWAJUN;220802;2;29;2
SAN MARTIN;RIOJA;ELIAS SOPLIN VARGAS;220803;1;10;
SAN MARTIN;RIOJA;NUEVA CAJAMARCA;220804;87;754;754
SAN MARTIN;RIOJA;PARDO MIGUEL;220805;46;157;182
SAN MARTIN;RIOJA;POSIC;220806;7;20;29
SAN MARTIN;RIOJA;SAN FERNANDO;220807;1;13;7
SAN MARTIN;RIOJA;YORONGOS;220808;7;16;20
SAN MARTIN;RIOJA;YURACYACU;220809;;2;6
SAN MARTIN;SAN MARTIN;TARAPOTO;220901;332;1765;2857
SAN MARTIN;SAN MARTIN;ALBERTO LEVEAU;220902;;12;
SAN MARTIN;SAN MARTIN;CACATACHI;220903;6;36;25
SAN MARTIN;SAN MARTIN;CHAZUTA;220904;10;77;78
SAN MARTIN;SAN MARTIN;HUIMBAYOC;220907;;4;4
SAN MARTIN;SAN MARTIN;JUAN GUERRA;220908;7;11;12
SAN MARTIN;SAN MARTIN;LA BANDA DE SHILCAYO;220909;414;930;1001
SAN MARTIN;SAN MARTIN;MORALES;220910;408;868;853
SAN MARTIN;SAN MARTIN;PAPAPLAYA;220911;;;1
SAN MARTIN;SAN MARTIN;SAN ANTONIO;220912;1;6;6
SAN MARTIN;SAN MARTIN;SAUCE;220913;;2;
SAN MARTIN;SAN MARTIN;SHAPAJA;220914;;10;23
SAN MARTIN;TOCACHE;TOCACHE;221001;74;709;768
SAN MARTIN;TOCACHE;NUEVO PROGRESO;221002;16;172;241
SAN MARTIN;TOCACHE;POLVORA;221003;4;7;13
SAN MARTIN;TOCACHE;SHUNTE;221004;1;5;4
SAN MARTIN;TOCACHE;UCHIZA;221005;17;211;315
TACNA;TACNA;TACNA;230101;4485;5305;6272
TACNA;TACNA;ALTO DE LA ALIANZA;230102;852;757;923
TACNA;TACNA;CALANA;230103;14;15;19
TACNA;TACNA;CIUDAD NUEVA;230104;725;637;742
TACNA;TACNA;INCLAN;230105;50;34;47
TACNA;TACNA;PACHIA;230106;33;83;54
TACNA;TACNA;PALCA;230107;12;13;11
TACNA;TACNA;POCOLLAY;230108;440;648;937
TACNA;TACNA;SAMA;230109;39;43;80
TACNA;TACNA;CORONEL GREGORIO ALBARRACIN LANCHIPA;230110;2210;2671;2960
TACNA;CANDARAVE;CANDARAVE;230201;24;;
TACNA;CANDARAVE;CAMILACA;230203;1;1;
TACNA;CANDARAVE;CURIBAYA;230204;;1;1
TACNA;CANDARAVE;QUILAHUANI;230206;1;;
TACNA;JORGE BASADRE;LOCUMBA;230301;39;79;48
TACNA;JORGE BASADRE;ILABAYA;230302;13;23;35
TACNA;JORGE BASADRE;ITE;230303;1;1;1
TACNA;TARATA;TARATA;230401;88;64;139
TACNA;TARATA;HEROES ALBARRACIN;230402;;;2
TACNA;TARATA;ESTIQUE;230403;3;3;1
TACNA;TARATA;ESTIQUE-PAMPA;230404;8;4;9
TACNA;TARATA;SITAJARA;230405;;1;
TACNA;TARATA;SUSAPAYA;230406;1;;
TACNA;TARATA;TARUCACHI;230407;6;3;7
TACNA;TARATA;TICACO;230408;2;1;
TUMBES;TUMBES;TUMBES;240101;3637;5577;5677
TUMBES;TUMBES;CORRALES;240102;456;383;540
TUMBES;TUMBES;LA CRUZ;240103;165;202;233
TUMBES;TUMBES;PAMPAS DE HOSPITAL;240104;37;143;113
TUMBES;TUMBES;SAN JACINTO;240105;67;126;126
TUMBES;TUMBES;SAN JUAN DE LA VIRGEN;240106;;82;99
TUMBES;CONTRALMIRANTE VILLAR;ZORRITOS;240201;523;578;433
TUMBES;CONTRALMIRANTE VILLAR;CASITAS;240202;1;8;31
TUMBES;CONTRALMIRANTE VILLAR;CANOAS DE PUNTA SAL;240203;22;107;134
TUMBES;ZARUMILLA;ZARUMILLA;240301;1312;1652;1662
TUMBES;ZARUMILLA;AGUAS VERDES;240302;301;506;452
TUMBES;ZARUMILLA;MATAPALO;240303;30;35;38
TUMBES;ZARUMILLA;PAPAYAL;240304;84;108;144
UCAYALI;CORONEL PORTILLO;CALLERIA;250101;3113;4134;5585
UCAYALI;CORONEL PORTILLO;CAMPOVERDE;250102;7;520;618
UCAYALI;CORONEL PORTILLO;IPARIA;250103;3;5;7
UCAYALI;CORONEL PORTILLO;MASISEA;250104;8;8;18
UCAYALI;CORONEL PORTILLO;YARINACOCHA;250105;1384;2328;2819
UCAYALI;CORONEL PORTILLO;NUEVA REQUENA;250106;11;5;7
UCAYALI;CORONEL PORTILLO;MANANTAY;250107;3036;3244;3495
UCAYALI;ATALAYA;RAYMONDI;250201;;55;448
UCAYALI;ATALAYA;SEPAHUA;250202;1;;5
UCAYALI;ATALAYA;TAHUANIA;250203;;1;
UCAYALI;PADRE ABAD;PADRE ABAD;250301;1;141;733
UCAYALI;PADRE ABAD;IRAZOLA;250302;;35;348
UCAYALI;PADRE ABAD;CURIMANA;250303;;2;6
UCAYALI;PADRE ABAD;NESHUYA;250304;;14;185
UCAYALI;PADRE ABAD;A.VON.HUMBOLDT;250305;;;146
UCAYALI;PURUS;PURUS;250401;;1;
